timestamp,node_id,ds18b20_temperature_c,dht22_temperature_c,dht22_humidity_pct,bmp280_temperature_c,bmp280_pressure_hpa,condition
2026-09-12 01:26:53.452608,AWS_001,26.44,28.6,78.2,27.66,945.84,normal
2026-09-12 01:26:55.999821,AWS_001,26.44,28.5,78.1,27.66,945.84,normal
2026-09-12 01:26:57.510101,AWS_001,26.44,28.6,78.1,27.66,945.83,normal
2026-09-12 01:26:59.537666,AWS_001,26.44,28.5,78.2,27.66,945.84,normal
2026-09-12 01:27:01.601457,AWS_001,26.5,28.5,78.2,27.66,945.84,normal
2026-09-12 01:27:03.597714,AWS_001,26.5,28.5,78.3,27.66,945.84,normal
2026-09-12 01:27:05.623858,AWS_001,26.5,28.5,78.1,27.66,945.84,normal
2026-09-12 01:27:07.653185,AWS_001,26.5,28.5,78.2,27.65,945.83,normal
2026-09-12 01:27:09.679537,AWS_001,26.5,28.5,78.1,27.66,945.84,normal
2026-09-12 01:27:11.710014,AWS_001,26.44,28.5,78.2,27.65,945.83,normal
2026-09-12 01:27:13.834459,AWS_001,26.5,28.5,78.3,27.65,945.83,normal
2026-09-12 01:27:15.881049,AWS_001,26.5,28.5,78.2,27.65,945.83,normal
2026-09-12 01:27:17.820018,AWS_001,26.44,28.6,78.3,27.65,945.84,normal
2026-09-12 01:27:19.824366,AWS_001,26.44,28.5,78.2,27.65,945.83,normal
2026-09-12 01:27:21.856882,AWS_001,26.5,28.5,78.3,27.65,945.83,normal
2026-09-12 01:27:23.885781,AWS_001,26.5,28.5,78.3,27.65,945.83,normal
2026-09-12 01:27:25.918835,AWS_001,26.5,28.5,78.1,27.65,945.83,normal
2026-09-12 01:27:27.947303,AWS_001,26.5,28.6,78.1,27.66,945.83,normal
2026-09-12 01:27:29.945821,AWS_001,26.5,28.5,78.2,27.66,945.83,normal
2026-09-12 01:27:31.984032,AWS_001,26.5,28.5,78.2,27.66,945.83,normal
2026-09-12 01:27:34.248835,AWS_001,26.5,28.5,78.3,27.66,945.83,normal
2026-09-12 01:27:36.000627,AWS_001,26.5,28.5,78.3,27.66,945.83,normal
2026-09-12 01:27:38.031985,AWS_001,26.5,28.5,78.2,27.66,945.83,normal
2026-09-12 01:27:40.059507,AWS_001,26.5,28.5,78.2,27.66,945.83,normal
2026-09-12 01:27:42.089705,AWS_001,26.5,28.5,78.3,27.66,945.82,normal
2026-09-12 01:27:44.113895,AWS_001,26.44,28.5,78.2,27.66,945.82,normal
2026-09-12 01:27:46.116652,AWS_001,26.44,28.5,78.2,27.66,945.82,normal
2026-09-12 01:27:48.145820,AWS_001,26.5,28.5,78.3,27.66,945.82,normal
2026-09-12 01:27:50.208745,AWS_001,26.5,28.5,78.2,27.66,945.82,normal
2026-09-12 01:27:52.203690,AWS_001,26.5,28.5,78.3,27.66,945.82,normal
2026-09-12 01:27:54.232581,AWS_001,26.5,28.5,78.2,27.66,945.82,normal
2026-09-12 01:27:56.264760,AWS_001,26.44,28.5,78.1,27.66,945.82,normal
2026-09-12 01:27:58.293693,AWS_001,26.5,28.5,78.3,27.66,945.82,normal
2026-09-12 01:28:00.324358,AWS_001,26.44,28.5,78.3,27.66,945.82,normal
2026-09-12 01:28:02.340486,AWS_001,26.5,28.5,78.3,27.66,945.83,normal
2026-09-12 01:28:04.378834,AWS_001,26.5,28.5,78.3,27.66,945.83,normal
2026-09-12 01:28:06.432140,AWS_001,26.5,28.5,78.4,27.66,945.83,normal
2026-09-12 01:28:08.448981,AWS_001,26.44,28.5,78.2,27.66,945.84,normal
2026-09-12 01:28:10.462485,AWS_001,26.5,28.5,78.4,27.66,945.84,normal
2026-09-12 01:28:12.489290,AWS_001,26.5,28.5,78.1,27.66,945.83,normal
2026-09-12 01:28:14.527788,AWS_001,26.5,28.5,78.2,27.66,945.83,normal
2026-09-12 01:28:16.551756,AWS_001,26.5,28.5,78.3,27.66,945.83,normal
2026-09-12 01:28:18.577306,AWS_001,26.5,28.5,78.2,27.66,945.84,normal
2026-09-12 01:28:20.697179,AWS_001,26.44,28.5,78.2,27.66,945.84,normal
2026-09-12 01:28:22.638407,AWS_001,26.44,28.5,78.3,27.66,945.84,normal
2026-09-12 01:28:24.666479,AWS_001,26.5,28.5,78.1,27.65,945.83,normal
2026-09-12 01:28:26.696405,AWS_001,26.44,28.6,78.2,27.65,945.83,normal
2026-09-12 01:28:28.725050,AWS_001,26.5,28.5,78.2,27.65,945.84,normal
2026-09-12 01:28:30.754826,AWS_001,26.5,28.5,78.3,27.65,945.83,normal
2026-09-12 01:28:32.782982,AWS_001,26.5,28.5,78.2,27.65,945.84,normal
2026-09-12 01:28:34.812585,AWS_001,26.5,28.5,78.2,27.65,945.83,normal
2026-09-12 01:28:36.840721,AWS_001,26.44,28.5,78.3,27.65,945.83,normal
2026-09-12 01:28:38.870275,AWS_001,26.5,28.5,78.2,27.65,945.83,normal
2026-09-12 01:28:40.994709,AWS_001,26.5,28.5,78.2,27.65,945.83,normal
2026-09-12 01:28:42.927665,AWS_001,26.5,28.5,78.3,27.65,945.83,normal
2026-09-12 01:28:44.962772,AWS_001,26.44,28.5,78.1,27.66,945.83,normal
2026-09-12 01:28:46.959583,AWS_001,26.5,28.5,78.3,27.66,945.84,normal
2026-09-12 01:28:48.992547,AWS_001,26.5,28.5,78.2,27.66,945.83,normal
2026-09-12 01:28:51.093704,AWS_001,26.5,28.5,78.2,27.66,945.83,normal
2026-09-12 01:28:53.064723,AWS_001,26.5,28.5,78.3,27.66,945.84,normal
2026-09-12 01:28:55.072762,AWS_001,26.44,28.5,78.2,27.65,945.83,normal
2026-09-12 01:28:57.073096,AWS_001,26.5,28.5,78.3,27.65,945.83,normal
2026-09-12 01:28:59.102251,AWS_001,26.5,28.5,78.2,27.66,945.83,normal
2026-09-12 01:29:01.130688,AWS_001,26.5,28.5,78.2,27.66,945.83,normal
2026-09-12 01:29:03.159530,AWS_001,26.5,28.5,78.3,27.66,945.83,normal
2026-09-12 01:29:05.192064,AWS_001,26.5,28.5,78.2,27.66,945.83,normal
2026-09-12 01:29:07.221931,AWS_001,26.5,28.5,78.3,27.66,945.83,normal
2026-09-12 01:29:09.244861,AWS_001,26.5,28.5,78.2,27.66,945.83,normal
2026-09-12 01:29:11.268869,AWS_001,26.5,28.5,78.2,27.66,945.83,normal
2026-09-12 01:29:13.312214,AWS_001,26.5,28.5,78.3,27.66,945.84,normal
2026-09-12 01:29:15.338167,AWS_001,26.5,28.5,78.2,27.66,945.84,normal
2026-09-12 01:29:17.362484,AWS_001,26.5,28.5,78.2,27.66,945.84,normal
2026-09-12 01:29:19.362758,AWS_001,26.5,28.5,78.2,27.66,945.84,normal
2026-09-12 01:29:21.391852,AWS_001,26.5,28.5,78.3,27.66,945.84,normal
2026-09-12 01:29:23.427055,AWS_001,26.5,28.5,78.2,27.66,945.84,normal
2026-09-12 01:29:25.461014,AWS_001,26.5,28.5,78.3,27.66,945.84,normal
2026-09-12 01:29:27.478552,AWS_001,26.5,28.5,78.3,27.66,945.84,normal
2026-09-12 01:29:29.507008,AWS_001,26.5,28.5,78.4,27.66,945.84,normal
2026-09-12 01:29:31.535249,AWS_001,26.5,28.5,78.1,27.66,945.84,normal
2026-09-12 01:29:33.584967,AWS_001,26.5,28.5,78.3,27.66,945.84,normal
2026-09-12 01:29:35.591494,AWS_001,26.5,28.5,78.3,27.66,945.84,normal
2026-09-12 01:29:37.622996,AWS_001,26.5,28.5,78.4,27.66,945.83,normal
2026-09-12 01:29:39.649697,AWS_001,26.5,28.5,78.2,27.66,945.84,normal
2026-09-12 01:29:41.682271,AWS_001,26.44,28.5,78.4,27.66,945.83,normal
2026-09-12 01:29:43.710713,AWS_001,26.5,28.5,78.2,27.66,945.83,normal
2026-09-12 01:29:45.739572,AWS_001,26.5,28.5,78.3,27.66,945.83,normal
2026-09-12 01:29:47.766401,AWS_001,26.44,28.5,78.3,27.66,945.83,normal
2026-09-12 01:29:51.805660,AWS_001,26.5,28.5,78.3,27.67,945.83,normal
2026-09-12 01:29:53.836128,AWS_001,26.44,28.5,78.3,27.67,945.83,normal
2026-09-12 01:29:55.870664,AWS_001,26.44,28.5,78.3,27.67,945.83,normal
2026-09-12 01:29:57.893454,AWS_001,26.44,28.5,78.4,27.67,945.83,normal
2026-09-12 01:29:59.920551,AWS_001,26.44,28.5,78.3,27.67,945.83,normal
2026-09-12 01:30:01.953763,AWS_001,26.5,28.5,78.2,27.67,945.83,normal
2026-09-12 01:30:03.975437,AWS_001,26.44,28.4,78.4,27.67,945.83,normal
2026-09-12 01:30:06.007554,AWS_001,26.44,28.5,78.3,27.67,945.83,normal
2026-09-12 01:30:08.042063,AWS_001,26.5,28.5,78.2,27.67,945.83,normal
2026-09-12 01:30:10.066230,AWS_001,26.5,28.5,78.4,27.67,945.83,normal
2026-09-12 01:30:12.097928,AWS_001,26.44,28.5,78.3,27.67,945.83,normal
2026-09-12 01:30:14.123961,AWS_001,26.5,28.5,78.2,27.67,945.83,normal
2026-09-12 01:30:16.150136,AWS_001,26.44,28.5,78.4,27.67,945.83,normal
2026-09-12 01:30:18.181400,AWS_001,26.44,28.5,78.3,27.66,945.82,normal
2026-09-12 01:30:20.210559,AWS_001,26.44,28.4,78.2,27.66,945.83,normal
2026-09-12 01:30:22.239963,AWS_001,26.44,28.5,78.5,27.66,945.83,normal
2026-09-12 01:30:24.289756,AWS_001,26.44,28.5,78.3,27.66,945.83,normal
2026-09-12 01:30:26.296787,AWS_001,26.5,28.5,78.4,27.66,945.83,normal
2026-09-12 01:30:28.325788,AWS_001,26.44,28.5,78.4,27.66,945.83,normal
2026-09-12 01:30:30.354634,AWS_001,26.44,28.5,78.4,27.66,945.83,normal
2026-09-12 01:30:32.403569,AWS_001,26.44,28.5,78.4,27.66,945.83,normal
2026-09-12 01:30:34.414098,AWS_001,26.44,28.5,78.4,27.66,945.83,normal
2026-09-12 01:30:36.441356,AWS_001,26.44,28.5,78.4,27.66,945.84,normal
2026-09-12 01:30:38.475007,AWS_001,26.44,28.5,78.5,27.66,945.84,normal
2026-09-12 01:30:40.499260,AWS_001,26.44,28.5,78.4,27.66,945.84,normal
2026-09-12 01:30:42.559496,AWS_001,26.44,28.4,78.4,27.66,945.84,normal
2026-09-12 01:30:44.557740,AWS_001,26.44,28.5,78.3,27.66,945.84,normal
2026-09-12 01:30:46.583459,AWS_001,26.44,28.5,78.3,27.66,945.84,normal
2026-09-12 01:30:48.615864,AWS_001,26.5,28.4,78.5,27.66,945.84,normal
2026-09-12 01:30:50.645122,AWS_001,26.5,28.5,78.4,27.66,945.84,normal
2026-09-12 01:30:52.673739,AWS_001,26.44,28.4,78.2,27.66,945.84,normal
2026-09-12 01:30:54.702068,AWS_001,26.44,28.4,78.4,27.66,945.84,normal
2026-09-12 01:30:56.738611,AWS_001,26.5,28.4,78.3,27.66,945.84,normal
2026-09-12 01:30:58.761895,AWS_001,26.5,28.4,78.4,27.66,945.84,normal
2026-09-12 01:31:00.789684,AWS_001,26.5,28.5,78.5,27.66,945.84,normal
2026-09-12 01:31:02.818822,AWS_001,26.44,28.4,78.4,27.66,945.84,normal
2026-09-12 01:31:04.852320,AWS_001,26.44,28.4,78.4,27.66,945.84,normal
2026-09-12 01:31:06.991149,AWS_001,26.5,28.4,78.5,27.66,945.84,normal
2026-09-12 01:31:08.904863,AWS_001,26.5,28.4,78.5,27.66,945.84,normal
2026-09-12 01:31:10.963605,AWS_001,26.5,28.4,78.4,27.66,945.84,normal
2026-09-12 01:31:12.963540,AWS_001,26.44,28.4,78.4,27.66,945.84,normal
2026-09-12 01:31:14.993143,AWS_001,26.44,28.4,78.4,27.66,945.84,normal
2026-09-12 01:31:17.017550,AWS_001,26.5,28.4,78.4,27.66,945.84,normal
2026-09-12 01:31:19.050795,AWS_001,26.5,28.4,78.5,27.66,945.84,normal
2026-09-12 01:31:21.078444,AWS_001,26.5,28.4,78.4,27.66,945.84,normal
2026-09-12 01:31:23.108907,AWS_001,26.44,28.4,78.5,27.65,945.84,normal
2026-09-12 01:31:25.136308,AWS_001,26.5,28.4,78.5,27.65,945.84,normal
2026-09-12 01:31:27.166965,AWS_001,26.44,28.4,78.5,27.65,945.85,normal
2026-09-12 01:31:29.195583,AWS_001,26.44,28.4,78.4,27.65,945.85,normal
2026-09-12 01:31:31.232384,AWS_001,26.44,28.4,78.4,27.65,945.85,normal
2026-09-12 01:31:33.253335,AWS_001,26.5,28.4,78.5,27.65,945.85,normal
2026-09-12 01:31:35.283038,AWS_001,26.5,28.4,78.5,27.65,945.85,normal
2026-09-12 01:31:37.311480,AWS_001,26.5,28.4,78.4,27.65,945.85,normal
2026-09-12 01:31:39.342560,AWS_001,26.5,28.4,78.5,27.65,945.85,normal
2026-09-12 01:31:41.370101,AWS_001,26.44,28.4,78.5,27.65,945.85,normal
2026-09-12 01:31:43.401526,AWS_001,26.44,28.4,78.4,27.65,945.85,normal
2026-09-12 01:31:45.452867,AWS_001,26.44,28.4,78.4,27.65,945.85,normal
2026-09-12 01:31:47.460050,AWS_001,26.44,28.4,78.6,27.65,945.85,normal
2026-09-12 01:31:49.498424,AWS_001,26.44,28.4,78.5,27.65,945.85,normal
2026-09-12 01:31:51.516624,AWS_001,26.44,28.4,78.5,27.65,945.85,normal
2026-09-12 01:31:53.544524,AWS_001,26.44,28.4,78.5,27.65,945.85,normal
2026-09-12 01:31:55.572372,AWS_001,26.5,28.4,78.6,27.65,945.85,normal
2026-09-12 01:31:57.605897,AWS_001,26.44,28.4,78.4,27.65,945.85,normal
2026-09-12 01:31:59.673272,AWS_001,26.44,28.4,78.5,27.65,945.85,normal
2026-09-12 01:32:01.668574,AWS_001,26.44,28.4,78.4,27.65,945.85,normal
2026-09-12 01:32:03.689557,AWS_001,26.44,28.4,78.5,27.65,945.85,normal
2026-09-12 01:32:05.717469,AWS_001,26.44,28.4,78.4,27.65,945.85,normal
2026-09-12 01:32:07.746309,AWS_001,26.5,28.4,78.5,27.65,945.86,normal
2026-09-12 01:32:09.779662,AWS_001,26.5,28.4,78.5,27.65,945.86,normal
2026-09-12 01:32:11.803758,AWS_001,26.5,28.4,78.5,27.65,945.86,normal
2026-09-12 01:32:13.835904,AWS_001,26.44,28.4,78.6,27.65,945.85,normal
2026-09-12 01:32:15.863250,AWS_001,26.44,28.4,78.6,27.65,945.85,normal
2026-09-12 01:32:17.895130,AWS_001,26.44,28.4,78.6,27.65,945.86,normal
2026-09-12 01:32:19.921992,AWS_001,26.5,28.4,78.5,27.65,945.86,normal
2026-09-12 01:32:21.949298,AWS_001,26.44,28.4,78.4,27.65,945.86,normal
2026-09-12 01:32:23.983150,AWS_001,26.5,28.4,78.5,27.65,945.86,normal
2026-09-12 01:32:26.011619,AWS_001,26.5,28.4,78.6,27.64,945.85,normal
2026-09-12 01:32:28.029986,AWS_001,26.5,28.4,78.6,27.64,945.85,normal
2026-09-12 01:32:30.066686,AWS_001,26.5,28.4,78.5,27.64,945.85,normal
2026-09-12 01:32:32.095200,AWS_001,26.44,28.4,78.6,27.64,945.85,normal
2026-09-12 01:32:34.124194,AWS_001,26.44,28.4,78.6,27.64,945.85,normal
2026-09-12 01:32:36.159333,AWS_001,26.44,28.4,78.6,27.64,945.85,normal
2026-09-12 01:32:38.181769,AWS_001,26.5,28.4,78.6,27.64,945.85,normal
2026-09-12 01:32:40.214212,AWS_001,26.5,28.4,78.5,27.64,945.85,normal
2026-09-12 01:32:42.246522,AWS_001,26.5,28.4,78.5,27.64,945.85,normal
2026-09-12 01:32:44.270902,AWS_001,26.44,28.4,78.7,27.64,945.85,normal
2026-09-12 01:32:46.296071,AWS_001,26.5,28.4,78.6,27.64,945.84,normal
2026-09-12 01:32:48.326843,AWS_001,26.5,28.4,78.5,27.64,945.84,normal
2026-09-12 01:32:50.361756,AWS_001,26.5,28.4,78.6,27.64,945.84,normal
2026-09-12 01:32:52.527584,AWS_001,26.5,28.4,78.5,27.64,945.84,normal
2026-09-12 01:32:54.415361,AWS_001,26.44,28.4,78.5,27.64,945.85,normal
2026-09-12 01:32:56.442579,AWS_001,26.44,28.4,78.5,27.64,945.84,normal
2026-09-12 01:32:58.473018,AWS_001,26.5,28.4,78.5,27.64,945.85,normal
2026-09-12 01:33:00.500662,AWS_001,26.5,28.4,78.6,27.64,945.85,normal
2026-09-12 01:33:02.592457,AWS_001,26.5,28.4,78.6,27.64,945.85,normal
2026-09-12 01:33:04.558137,AWS_001,26.5,28.4,78.6,27.64,945.85,normal
2026-09-12 01:33:06.594329,AWS_001,26.5,28.4,78.6,27.64,945.84,normal
2026-09-12 01:33:08.616816,AWS_001,26.5,28.4,78.6,27.64,945.85,normal
2026-09-12 01:33:10.646834,AWS_001,26.44,28.4,78.7,27.64,945.84,normal
2026-09-12 01:33:12.676334,AWS_001,26.5,28.4,78.6,27.64,945.84,normal
2026-09-12 01:33:14.702653,AWS_001,26.5,28.4,78.7,27.64,945.84,normal
2026-09-12 01:33:16.734073,AWS_001,26.5,28.4,78.5,27.64,945.84,normal
2026-09-12 01:33:18.761757,AWS_001,26.5,28.4,78.6,27.64,945.84,normal
2026-09-12 01:33:20.793837,AWS_001,26.5,28.4,78.5,27.64,945.84,normal
2026-09-12 01:33:22.849819,AWS_001,26.5,28.4,78.6,27.64,945.84,normal
2026-09-12 01:33:24.849060,AWS_001,26.5,28.4,78.6,27.64,945.84,normal
2026-09-12 01:33:26.879809,AWS_001,26.5,28.4,78.7,27.64,945.84,normal
2026-09-12 01:33:28.906368,AWS_001,26.5,28.4,78.6,27.64,945.84,normal
2026-09-12 01:33:30.935550,AWS_001,26.5,28.4,78.7,27.64,945.84,normal
2026-09-12 01:33:32.965139,AWS_001,26.44,28.4,78.7,27.64,945.83,normal
2026-09-12 01:33:34.995840,AWS_001,26.44,28.3,78.6,27.64,945.83,normal
2026-09-12 01:33:37.022234,AWS_001,26.5,28.4,78.5,27.65,945.83,normal
2026-09-12 01:33:39.042667,AWS_001,26.5,28.4,78.6,27.65,945.83,normal
2026-09-12 01:33:41.080793,AWS_001,26.44,28.4,78.7,27.65,945.83,normal
2026-09-12 01:33:43.109835,AWS_001,26.44,28.4,78.7,27.65,945.83,normal
2026-09-12 01:33:45.138809,AWS_001,26.44,28.4,78.6,27.65,945.83,normal
2026-09-12 01:33:47.167068,AWS_001,26.5,28.4,78.8,27.65,945.83,normal
2026-09-12 01:33:49.196904,AWS_001,26.5,28.4,78.6,27.65,945.83,normal
2026-09-12 01:33:51.225594,AWS_001,26.5,28.4,78.6,27.64,945.83,normal
2026-09-12 01:33:53.254932,AWS_001,26.5,28.4,78.7,27.64,945.83,normal
2026-09-12 01:33:55.283714,AWS_001,26.44,28.4,78.7,27.64,945.83,normal
2026-09-12 01:33:57.312617,AWS_001,26.44,28.4,78.6,27.64,945.83,normal
2026-09-12 01:33:59.340990,AWS_001,26.5,28.4,78.6,27.64,945.83,normal
2026-09-12 01:34:01.377044,AWS_001,26.5,28.4,78.7,27.64,945.83,normal
2026-09-12 01:34:03.728833,AWS_001,26.5,28.4,78.7,27.64,945.84,normal
2026-09-12 01:34:05.427940,AWS_001,26.5,28.4,78.7,27.64,945.84,normal
2026-09-12 01:34:07.457433,AWS_001,26.5,28.4,78.8,27.64,945.84,normal
2026-09-12 01:34:09.514232,AWS_001,26.5,28.4,78.9,27.64,945.84,normal
2026-09-12 01:34:11.515443,AWS_001,26.5,28.4,78.7,27.64,945.84,normal
2026-09-12 01:34:13.547245,AWS_001,26.5,28.4,78.7,27.64,945.85,normal
2026-09-12 01:34:15.591681,AWS_001,26.5,28.4,78.7,27.64,945.85,normal
2026-09-12 01:34:17.602353,AWS_001,26.44,28.4,78.7,27.64,945.85,normal
2026-09-12 01:34:19.630583,AWS_001,26.5,28.4,78.8,27.64,945.85,normal
2026-09-12 01:34:21.660333,AWS_001,26.5,28.4,78.7,27.64,945.85,normal
2026-09-12 01:34:23.660684,AWS_001,26.5,28.4,78.7,27.64,945.86,normal
2026-09-12 01:34:25.688896,AWS_001,26.5,28.3,78.7,27.64,945.86,normal
2026-09-12 01:34:27.717807,AWS_001,26.5,28.4,78.6,27.64,945.86,normal
2026-09-12 01:34:29.749137,AWS_001,26.5,28.3,78.6,27.64,945.86,normal
2026-09-12 01:34:31.776824,AWS_001,26.44,28.4,78.7,27.64,945.86,normal
2026-09-12 01:34:33.804882,AWS_001,26.5,28.4,78.6,27.64,945.85,normal
2026-09-12 01:34:35.834738,AWS_001,26.44,28.4,78.7,27.64,945.86,normal
2026-09-12 01:34:37.863634,AWS_001,26.5,28.4,78.6,27.64,945.86,normal
2026-09-12 01:34:39.893117,AWS_001,26.5,28.4,78.7,27.64,945.86,normal
2026-09-12 01:34:41.922680,AWS_001,26.44,28.4,78.7,27.64,945.86,normal
2026-09-12 01:34:43.961355,AWS_001,26.5,28.4,78.8,27.64,945.86,normal
2026-09-12 01:34:45.979690,AWS_001,26.5,28.4,78.7,27.64,945.86,normal
2026-09-12 01:34:48.007897,AWS_001,26.5,28.4,78.8,27.64,945.86,normal
2026-09-12 01:34:50.038989,AWS_001,32.5,28.4,78.8,27.65,945.86,spike
2026-09-12 01:34:52.063071,AWS_001,32.5,28.4,78.8,27.65,945.86,spike
2026-09-12 01:34:54.095260,AWS_001,30.5,28.4,78.7,27.65,945.86,spike
2026-09-12 01:34:56.124474,AWS_001,30.5,28.4,78.7,27.65,945.85,spike
2026-09-12 01:34:58.152691,AWS_001,28.5,28.3,78.9,27.66,945.85,spike
2026-09-12 01:35:00.182928,AWS_001,28.5,28.3,78.8,27.66,945.85,spike
2026-09-12 01:35:02.211337,AWS_001,32.56,28.3,78.7,27.68,945.85,spike
2026-09-12 01:35:04.279911,AWS_001,32.56,28.4,78.7,27.69,945.85,spike
2026-09-12 01:35:06.269182,AWS_001,30.56,28.3,78.8,27.7,945.86,spike
2026-09-12 01:35:08.298450,AWS_001,30.56,28.3,78.7,27.72,945.86,spike
2026-09-12 01:35:10.327213,AWS_001,28.56,28.3,78.8,27.73,945.85,spike
2026-09-12 01:35:12.321117,AWS_001,28.56,28.3,78.8,27.75,945.84,spike
2026-09-12 01:35:14.350558,AWS_001,32.56,28.3,78.7,27.76,945.84,spike
2026-09-12 01:35:16.379093,AWS_001,32.56,28.3,78.7,27.78,945.84,spike
2026-09-12 01:35:18.407950,AWS_001,30.56,28.3,78.8,27.79,945.83,spike
2026-09-12 01:35:20.437832,AWS_001,30.56,28.3,78.7,27.81,945.83,spike
2026-09-12 01:35:22.437965,AWS_001,28.56,28.3,78.9,27.83,945.82,spike
2026-09-12 01:35:24.437972,AWS_001,28.56,28.3,78.8,27.84,945.82,spike
2026-09-12 01:35:26.438083,AWS_001,26.56,28.3,78.8,27.85,945.82,normal
2026-09-12 01:35:28.439129,AWS_001,26.56,28.2,79.0,27.86,945.82,normal
2026-09-12 01:35:30.438757,AWS_001,32.56,28.3,79.0,27.88,945.82,spike
2026-09-12 01:35:32.438015,AWS_001,32.56,28.2,79.1,27.89,945.83,spike
2026-09-12 01:35:34.467198,AWS_001,30.56,28.3,79.0,27.9,945.83,spike
2026-09-12 01:35:36.495722,AWS_001,30.56,28.3,79.0,27.91,945.83,spike
2026-09-12 01:35:38.524625,AWS_001,28.56,28.2,79.0,27.93,945.83,spike
2026-09-12 01:35:40.553911,AWS_001,28.56,28.2,79.0,27.94,945.83,spike
2026-09-12 01:35:42.582633,AWS_001,32.56,28.2,79.2,27.95,945.83,spike
2026-09-12 01:35:44.611654,AWS_001,32.56,28.3,79.2,27.96,945.83,spike
2026-09-12 01:35:46.641614,AWS_001,30.56,28.3,79.1,27.97,945.83,spike
2026-09-12 01:35:48.670154,AWS_001,30.56,28.3,79.1,27.98,945.83,spike
2026-09-12 01:35:50.698312,AWS_001,28.56,28.2,79.3,27.99,945.83,spike
2026-09-12 01:35:52.728107,AWS_001,28.56,28.2,79.1,28.0,945.83,spike
2026-09-12 01:35:54.755851,AWS_001,32.63,28.2,79.1,28.01,945.83,spike
2026-09-12 01:35:56.877633,AWS_001,32.63,28.2,79.1,28.02,945.83,spike
2026-09-12 01:35:58.814512,AWS_001,30.62,28.2,79.2,28.02,945.83,spike
2026-09-12 01:36:00.843574,AWS_001,30.62,28.3,79.1,28.03,945.83,spike
2026-09-12 01:36:02.872488,AWS_001,28.62,28.3,79.1,28.04,945.83,spike
2026-09-12 01:36:04.901689,AWS_001,28.62,28.2,79.2,28.04,945.83,spike
2026-09-12 01:36:06.931435,AWS_001,32.56,28.3,79.1,28.05,945.83,spike
2026-09-12 01:36:08.958899,AWS_001,32.56,28.3,79.3,28.06,945.83,spike
2026-09-12 01:36:10.988319,AWS_001,30.56,28.2,79.2,28.06,945.82,spike
2026-09-12 01:36:13.017666,AWS_001,30.56,28.2,79.2,28.07,945.83,spike
2026-09-12 01:36:15.041437,AWS_001,28.56,28.3,79.1,28.07,945.83,spike
2026-09-12 01:36:17.077520,AWS_001,28.56,28.2,79.2,28.08,945.83,spike
2026-09-12 01:36:19.104030,AWS_001,26.56,28.3,79.1,28.08,945.83,normal
2026-09-12 01:36:21.134939,AWS_001,26.56,28.3,79.2,28.09,945.83,normal
2026-09-12 01:36:23.162458,AWS_001,32.56,28.2,79.1,28.1,945.83,spike
2026-09-12 01:36:25.191295,AWS_001,32.56,28.3,79.1,28.1,945.82,spike
2026-09-12 01:36:27.220227,AWS_001,30.56,28.3,79.1,28.11,945.82,spike
2026-09-12 01:36:29.249867,AWS_001,30.56,28.3,79.1,28.11,945.82,spike
2026-09-12 01:36:31.279948,AWS_001,28.56,28.3,79.1,28.11,945.82,spike
2026-09-12 01:36:33.309051,AWS_001,28.56,28.2,79.1,28.12,945.82,spike
2026-09-12 01:36:35.337575,AWS_001,32.56,28.3,79.2,28.12,945.82,spike
2026-09-12 01:36:37.375057,AWS_001,32.56,28.2,79.2,28.13,945.82,spike
2026-09-12 01:36:39.397787,AWS_001,30.56,28.3,79.1,28.13,945.82,spike
2026-09-12 01:36:41.424226,AWS_001,30.56,28.3,79.1,28.14,945.82,spike
2026-09-12 01:36:43.453072,AWS_001,28.56,28.3,79.0,28.14,945.82,spike
2026-09-12 01:36:45.489525,AWS_001,28.56,28.3,79.1,28.15,945.82,spike
2026-09-12 01:36:47.511475,AWS_001,32.56,28.3,79.2,28.15,945.82,spike
2026-09-12 01:36:49.539494,AWS_001,32.56,28.2,79.2,28.16,945.82,spike
2026-09-12 01:36:51.540687,AWS_001,30.56,28.3,79.1,28.16,945.81,spike
2026-09-12 01:36:53.569683,AWS_001,30.56,28.3,79.1,28.17,945.81,spike
2026-09-12 01:36:55.598990,AWS_001,28.56,28.3,79.2,28.17,945.81,spike
2026-09-12 01:36:57.592455,AWS_001,28.56,28.3,79.2,28.18,945.81,spike
2026-09-12 01:36:59.621301,AWS_001,26.56,28.3,79.2,28.18,945.81,normal
2026-09-12 01:37:01.651396,AWS_001,32.56,28.3,79.2,28.19,945.81,spike
2026-09-12 01:37:03.679978,AWS_001,32.56,28.3,79.1,28.19,945.81,spike
2026-09-12 01:37:05.709056,AWS_001,30.56,28.3,79.1,28.2,945.82,spike
2026-09-12 01:37:07.737329,AWS_001,30.56,28.3,79.1,28.2,945.82,spike
2026-09-12 01:37:09.766823,AWS_001,28.56,28.3,79.1,28.21,945.82,spike
2026-09-12 01:37:11.796527,AWS_001,28.56,28.3,79.1,28.21,945.82,spike
2026-09-12 01:37:13.825635,AWS_001,32.56,28.3,79.1,28.22,945.82,spike
2026-09-12 01:37:15.853492,AWS_001,32.56,28.3,79.0,28.23,945.83,spike
2026-09-12 01:37:17.888573,AWS_001,30.56,28.3,79.0,28.23,945.83,spike
2026-09-12 01:37:19.913040,AWS_001,30.56,28.3,79.1,28.23,945.83,spike
2026-09-12 01:37:21.942049,AWS_001,28.56,28.3,78.9,28.24,945.83,spike
2026-09-12 01:37:23.970109,AWS_001,28.56,28.3,78.9,28.24,945.83,spike
2026-09-12 01:37:26.000670,AWS_001,26.62,28.3,79.0,28.25,945.83,normal
2026-09-12 01:37:28.028972,AWS_001,32.63,28.3,78.9,28.25,945.83,spike
2026-09-12 01:37:30.054161,AWS_001,32.63,28.3,78.9,28.25,945.83,spike
2026-09-12 01:37:32.087645,AWS_001,30.62,28.3,78.8,28.25,945.83,spike
2026-09-12 01:37:34.116318,AWS_001,30.62,28.3,78.9,28.25,945.83,spike
2026-09-12 01:37:36.115596,AWS_001,28.62,28.3,78.9,28.25,945.83,spike
2026-09-12 01:37:38.144557,AWS_001,28.62,28.3,79.0,28.25,945.82,spike
2026-09-12 01:37:40.156455,AWS_001,32.56,28.3,78.9,28.25,945.82,spike
2026-09-12 01:37:42.183668,AWS_001,32.56,28.3,79.0,28.25,945.82,spike
2026-09-12 01:37:44.212708,AWS_001,30.56,28.3,78.8,28.25,945.82,spike
2026-09-12 01:37:46.241538,AWS_001,30.56,28.3,78.9,28.26,945.83,spike
2026-09-12 01:37:48.271354,AWS_001,28.56,28.3,78.8,28.26,945.83,spike
2026-09-12 01:37:50.265003,AWS_001,28.56,28.3,78.8,28.26,945.83,spike
2026-09-12 01:37:52.293555,AWS_001,26.56,28.3,78.9,28.25,945.82,normal
2026-09-12 01:37:54.322855,AWS_001,32.56,28.3,78.9,28.25,945.82,spike
2026-09-12 01:37:56.316682,AWS_001,32.56,28.3,78.9,28.26,945.82,spike
2026-09-12 01:37:58.345868,AWS_001,30.56,28.3,79.0,28.26,945.82,spike
2026-09-12 01:38:00.375547,AWS_001,28.56,28.3,79.0,28.26,945.82,spike
2026-09-12 01:38:04.409921,AWS_001,26.56,28.3,79.1,28.26,945.82,normal
2026-09-12 01:38:06.439408,AWS_001,32.56,28.3,78.8,28.26,945.82,spike
2026-09-12 01:38:08.468813,AWS_001,32.56,28.3,78.9,28.27,945.82,spike
2026-09-12 01:38:10.497616,AWS_001,30.56,28.3,78.9,28.27,945.82,spike
2026-09-12 01:38:12.527401,AWS_001,30.56,28.3,78.8,28.27,945.82,spike
2026-09-12 01:38:14.620327,AWS_001,28.56,28.3,78.9,28.28,945.82,spike
2026-09-12 01:38:16.584653,AWS_001,28.56,28.3,79.0,28.28,945.82,spike
2026-09-12 01:38:18.614044,AWS_001,32.69,28.3,78.9,28.28,945.82,spike
2026-09-12 01:38:20.643270,AWS_001,32.69,28.3,79.0,28.28,945.82,spike
2026-09-12 01:38:22.672869,AWS_001,30.69,28.4,79.1,28.28,945.82,spike
2026-09-12 01:38:24.701836,AWS_001,30.69,28.3,78.9,28.28,945.82,spike
2026-09-12 01:38:26.732754,AWS_001,28.69,28.3,79.1,28.29,945.82,spike
2026-09-12 01:38:28.768185,AWS_001,28.69,28.3,79.0,28.29,945.82,spike
2026-09-12 01:38:30.788704,AWS_001,32.69,28.4,78.9,28.29,945.83,spike
2026-09-12 01:38:32.782344,AWS_001,32.69,28.4,78.9,28.29,945.83,spike
2026-09-12 01:38:34.811520,AWS_001,30.69,28.3,79.0,28.29,945.83,spike
2026-09-12 01:38:36.841219,AWS_001,30.69,28.3,79.1,28.29,945.83,spike
2026-09-12 01:38:38.869846,AWS_001,28.69,28.3,79.1,28.29,945.83,spike
2026-09-12 01:38:40.898225,AWS_001,28.69,28.3,79.0,28.29,945.82,spike
2026-09-12 01:38:42.928891,AWS_001,32.81,28.2,79.1,28.29,945.82,spike
2026-09-12 01:38:44.956786,AWS_001,32.81,28.3,79.1,28.29,945.82,spike
2026-09-12 01:38:46.985212,AWS_001,30.81,28.3,79.2,28.29,945.83,spike
2026-09-12 01:38:49.015049,AWS_001,30.81,28.3,79.0,28.3,945.83,spike
2026-09-12 01:38:51.043321,AWS_001,28.81,28.2,79.1,28.3,945.83,spike
2026-09-12 01:38:53.074685,AWS_001,28.81,28.3,79.2,28.3,945.83,spike
2026-09-12 01:38:55.101538,AWS_001,32.81,28.3,79.2,28.3,945.83,spike
2026-09-12 01:38:57.101560,AWS_001,32.81,28.3,79.0,28.31,945.83,spike
2026-09-12 01:38:59.130946,AWS_001,30.81,28.3,79.1,28.31,945.83,spike
2026-09-12 01:39:01.161428,AWS_001,30.81,28.3,79.1,28.31,945.83,spike
2026-09-12 01:39:03.194723,AWS_001,28.81,28.3,79.1,28.31,945.83,spike
2026-09-12 01:39:05.217708,AWS_001,28.81,28.3,79.0,28.32,945.83,spike
2026-09-12 01:39:07.217642,AWS_001,32.88,28.3,79.1,28.32,945.83,spike
2026-09-12 01:39:09.245988,AWS_001,32.88,28.3,79.2,28.32,945.83,spike
2026-09-12 01:39:11.275949,AWS_001,30.87,28.3,79.1,28.32,945.83,spike
2026-09-12 01:39:13.305957,AWS_001,30.87,28.3,79.0,28.33,945.83,spike
2026-09-12 01:39:15.333045,AWS_001,28.87,28.3,79.1,28.33,945.83,spike
2026-09-12 01:39:17.361930,AWS_001,28.87,28.3,79.0,28.33,945.83,spike
2026-09-12 01:39:19.464865,AWS_001,32.88,28.3,79.0,28.33,945.82,spike
2026-09-12 01:39:21.420507,AWS_001,32.88,28.3,79.2,28.34,945.82,spike
2026-09-12 01:39:23.449085,AWS_001,30.87,28.3,79.4,28.34,945.82,spike
2026-09-12 01:39:25.477160,AWS_001,30.87,28.3,79.7,28.35,945.82,spike
2026-09-12 01:39:27.506695,AWS_001,28.87,28.4,80.1,28.36,945.82,spike
2026-09-12 01:39:29.531343,AWS_001,28.87,28.4,80.1,28.36,945.82,spike
2026-09-12 01:39:31.564838,AWS_001,26.81,28.4,80.2,28.37,945.82,normal
2026-09-12 01:39:33.594431,AWS_001,26.81,28.5,80.1,28.38,945.82,normal
2026-09-12 01:39:35.623017,AWS_001,32.81,28.5,80.1,28.39,945.82,spike
2026-09-12 01:39:37.654218,AWS_001,32.81,28.6,80.2,28.4,945.82,spike
2026-09-12 01:39:39.683290,AWS_001,30.81,28.6,80.0,28.41,945.82,spike
2026-09-12 01:39:41.711216,AWS_001,30.81,28.6,80.1,28.41,945.82,spike
2026-09-12 01:39:43.742150,AWS_001,28.81,28.7,79.9,28.43,945.82,spike
2026-09-12 01:39:45.769905,AWS_001,28.81,28.7,80.0,28.44,945.82,spike
2026-09-12 01:39:47.797510,AWS_001,32.81,28.7,79.8,28.45,945.82,spike
2026-09-12 01:39:49.825320,AWS_001,32.81,28.8,79.5,28.46,945.82,spike
2026-09-12 01:39:51.856539,AWS_001,30.81,28.8,79.7,28.47,945.82,spike
2026-09-12 01:39:53.884954,AWS_001,30.81,28.9,79.4,28.48,945.82,spike
2026-09-12 01:39:55.938701,AWS_001,28.81,28.9,79.2,28.49,945.82,spike
2026-09-12 01:39:57.944299,AWS_001,28.81,29.0,79.0,28.5,945.82,spike
2026-09-12 01:39:59.971673,AWS_001,26.75,29.1,78.8,28.51,945.82,normal
2026-09-12 01:40:02.032625,AWS_001,32.75,29.1,78.5,28.52,945.82,spike
2026-09-12 01:40:04.030208,AWS_001,32.75,29.1,78.3,28.53,945.82,spike
2026-09-12 01:40:06.058361,AWS_001,30.75,29.2,78.1,28.53,945.82,spike
2026-09-12 01:40:08.087347,AWS_001,30.75,29.2,77.8,28.54,945.82,spike
2026-09-12 01:40:10.116099,AWS_001,28.75,29.2,77.7,28.54,945.82,spike
2026-09-12 01:40:12.143116,AWS_001,28.75,29.3,77.5,28.55,945.82,spike
2026-09-12 01:40:14.174888,AWS_001,26.75,29.3,77.3,28.55,945.82,normal
2026-09-12 01:40:16.203769,AWS_001,26.75,29.4,77.2,28.56,945.82,normal
2026-09-12 01:40:18.232815,AWS_001,32.75,29.4,77.1,28.56,945.82,spike
2026-09-12 01:40:20.261684,AWS_001,32.75,29.5,76.9,28.56,945.82,spike
2026-09-12 01:40:22.290318,AWS_001,30.75,29.5,76.1,28.57,945.81,spike
2026-09-12 01:40:24.319371,AWS_001,30.75,29.6,75.6,28.57,945.81,spike
2026-09-12 01:40:26.348302,AWS_001,28.75,29.5,75.2,28.58,945.81,spike
2026-09-12 01:40:28.377489,AWS_001,28.75,29.6,75.0,28.58,945.81,spike
2026-09-12 01:40:30.406144,AWS_001,32.75,29.6,74.9,28.59,945.81,spike
2026-09-12 01:40:32.435675,AWS_001,32.75,29.6,74.8,28.59,945.81,spike
2026-09-12 01:40:34.430054,AWS_001,30.75,29.6,74.8,28.6,945.82,spike
2026-09-12 01:40:36.458561,AWS_001,30.75,29.6,74.3,28.61,945.82,spike
2026-09-12 01:40:38.488648,AWS_001,28.75,29.6,74.4,28.61,945.82,spike
2026-09-12 01:40:40.517088,AWS_001,28.75,29.6,74.2,28.62,945.82,spike
2026-09-12 01:40:42.546229,AWS_001,26.75,29.6,74.3,28.62,945.82,normal
2026-09-12 01:40:44.573216,AWS_001,26.75,29.6,74.2,28.63,945.82,normal
2026-09-12 01:40:46.603368,AWS_001,32.75,29.6,74.2,28.63,945.82,spike
2026-09-12 01:40:48.623364,AWS_001,32.75,29.6,74.2,28.64,945.82,spike
2026-09-12 01:40:50.657648,AWS_001,30.75,29.6,74.2,28.64,945.82,spike
2026-09-12 01:40:52.654016,AWS_001,30.75,29.5,74.3,28.65,945.82,spike
2026-09-12 01:40:54.686320,AWS_001,28.75,29.6,74.5,28.65,945.82,spike
2026-09-12 01:40:56.714442,AWS_001,28.75,29.6,74.3,28.65,945.82,spike
2026-09-12 01:40:58.739113,AWS_001,32.81,29.5,74.5,28.66,945.82,spike
2026-09-12 01:41:00.769388,AWS_001,32.81,29.5,74.4,28.66,945.82,spike
2026-09-12 01:41:02.802078,AWS_001,30.81,29.5,74.6,28.66,945.82,spike
2026-09-12 01:41:04.831099,AWS_001,30.81,29.5,74.6,28.67,945.81,spike
2026-09-12 01:41:06.860761,AWS_001,28.81,29.5,74.5,28.67,945.81,spike
2026-09-12 01:41:08.888565,AWS_001,28.81,29.5,74.6,28.67,945.81,spike
2026-09-12 01:41:10.916955,AWS_001,26.75,29.5,74.6,28.68,945.8,normal
2026-09-12 01:41:12.939800,AWS_001,32.75,29.5,74.7,28.68,945.8,spike
2026-09-12 01:41:14.970162,AWS_001,32.75,29.4,74.7,28.68,945.8,spike
2026-09-12 01:41:17.007164,AWS_001,30.75,29.4,74.8,28.69,945.8,spike
2026-09-12 01:41:19.032263,AWS_001,30.75,29.4,74.7,28.69,945.8,spike
2026-09-12 01:41:21.061254,AWS_001,28.75,29.4,74.8,28.69,945.8,spike
2026-09-12 01:41:23.091098,AWS_001,28.75,29.4,74.7,28.69,945.8,spike
2026-09-12 01:41:25.122338,AWS_001,26.75,29.4,75.1,28.69,945.8,normal
2026-09-12 01:41:27.168597,AWS_001,26.75,29.3,75.0,28.69,945.8,normal
2026-09-12 01:41:29.178079,AWS_001,32.75,29.3,75.1,28.69,945.8,spike
2026-09-12 01:41:31.205951,AWS_001,32.75,29.3,75.0,28.69,945.8,spike
2026-09-12 01:41:33.236087,AWS_001,30.75,29.3,75.2,28.69,945.8,spike
2026-09-12 01:41:35.374403,AWS_001,30.75,29.3,75.2,28.69,945.8,spike
2026-09-12 01:41:37.293045,AWS_001,28.75,29.3,75.2,28.69,945.8,spike
2026-09-12 01:41:39.322306,AWS_001,28.75,29.3,75.2,28.68,945.8,spike
2026-09-12 01:41:41.360601,AWS_001,26.75,29.2,75.2,28.68,945.8,normal
2026-09-12 01:41:43.380028,AWS_001,26.75,29.2,75.3,28.68,945.79,normal
2026-09-12 01:41:45.409270,AWS_001,26.75,29.2,75.4,28.68,945.79,normal
2026-09-12 01:41:47.438087,AWS_001,26.75,29.2,75.4,28.68,945.79,normal
2026-09-12 01:41:49.467559,AWS_001,26.75,29.2,75.4,28.67,945.79,freeze
2026-09-12 01:41:51.496436,AWS_001,26.75,29.2,75.4,28.67,945.8,freeze
2026-09-12 01:41:53.524872,AWS_001,26.75,29.1,75.6,28.66,945.79,freeze
2026-09-12 01:41:55.520021,AWS_001,26.75,29.1,75.6,28.66,945.8,freeze
2026-09-12 01:41:57.549377,AWS_001,26.75,29.1,75.7,28.65,945.8,freeze
2026-09-12 01:41:59.578607,AWS_001,26.75,29.1,75.8,28.65,945.8,freeze
2026-09-12 01:42:01.606407,AWS_001,26.75,29.1,75.8,28.64,945.8,freeze
2026-09-12 01:42:03.635317,AWS_001,26.75,29.1,75.8,28.64,945.8,freeze
2026-09-12 01:42:05.673756,AWS_001,26.75,29.1,75.8,28.63,945.8,freeze
2026-09-12 01:42:07.695092,AWS_001,26.75,29.0,75.9,28.63,945.81,freeze
2026-09-12 01:42:09.719349,AWS_001,26.75,29.0,75.9,28.63,945.81,freeze
2026-09-12 01:42:11.750909,AWS_001,26.75,29.0,76.1,28.62,945.81,freeze
2026-09-12 01:42:13.780660,AWS_001,26.75,29.0,76.1,28.62,945.81,freeze
2026-09-12 01:42:15.802707,AWS_001,26.75,29.0,76.2,28.62,945.81,freeze
2026-09-12 01:42:17.831928,AWS_001,26.75,29.0,76.4,28.62,945.81,freeze
2026-09-12 01:42:19.868086,AWS_001,26.75,29.0,76.2,28.62,945.81,freeze
2026-09-12 01:42:21.897416,AWS_001,26.75,29.0,76.4,28.62,945.81,freeze
2026-09-12 01:42:23.923310,AWS_001,26.75,28.9,76.3,28.62,945.81,freeze
2026-09-12 01:42:25.953422,AWS_001,26.75,28.9,76.4,28.62,945.81,freeze
2026-09-12 01:42:27.947862,AWS_001,26.75,28.9,76.4,28.61,945.81,freeze
2026-09-12 01:42:29.976205,AWS_001,26.75,28.9,76.5,28.61,945.81,freeze
2026-09-12 01:42:32.006113,AWS_001,26.75,28.9,76.4,28.6,945.81,freeze
2026-09-12 01:42:34.034673,AWS_001,26.75,28.9,76.6,28.6,945.81,freeze
2026-09-12 01:42:36.064057,AWS_001,26.75,28.9,76.6,28.59,945.81,freeze
2026-09-12 01:42:38.093537,AWS_001,26.75,28.9,76.6,28.58,945.81,freeze
2026-09-12 01:42:40.085779,AWS_001,26.75,28.9,76.6,28.58,945.8,freeze
2026-09-12 01:42:42.113092,AWS_001,26.75,28.9,76.7,28.57,945.8,freeze
2026-09-12 01:42:44.144943,AWS_001,26.75,28.9,76.8,28.57,945.8,freeze
2026-09-12 01:42:46.172212,AWS_001,26.75,28.9,76.9,28.56,945.8,freeze
2026-09-12 01:42:48.200734,AWS_001,26.75,28.8,76.9,28.56,945.8,freeze
2026-09-12 01:42:50.322101,AWS_001,26.75,28.8,76.9,28.55,945.79,freeze
2026-09-12 01:42:52.224388,AWS_001,26.75,28.8,76.9,28.55,945.79,freeze
2026-09-12 01:42:54.255925,AWS_001,26.75,28.8,77.0,28.55,945.8,freeze
2026-09-12 01:42:56.283340,AWS_001,26.75,28.8,77.0,28.54,945.79,freeze
2026-09-12 01:42:58.312033,AWS_001,26.75,28.8,77.1,28.54,945.8,freeze
2026-09-12 01:43:00.311955,AWS_001,26.75,28.8,77.1,28.54,945.8,freeze
2026-09-12 01:43:02.340998,AWS_001,26.75,28.8,77.1,28.54,945.79,freeze
2026-09-12 01:43:04.388408,AWS_001,26.75,28.8,77.1,28.55,945.79,freeze
2026-09-12 01:43:06.396205,AWS_001,26.75,28.8,77.3,28.55,945.8,freeze
2026-09-12 01:43:08.428153,AWS_001,26.75,28.8,77.3,28.56,945.8,freeze
2026-09-12 01:43:10.460415,AWS_001,26.75,28.8,77.2,28.57,945.8,freeze
2026-09-12 01:43:12.479798,AWS_001,26.75,28.8,77.3,28.58,945.8,freeze
2026-09-12 01:43:14.519639,AWS_001,26.75,28.8,77.3,28.59,945.81,freeze
2026-09-12 01:43:16.544615,AWS_001,26.75,28.8,77.2,28.6,945.81,freeze
2026-09-12 01:43:18.572310,AWS_001,26.75,28.8,77.3,28.61,945.81,freeze
2026-09-12 01:43:20.601176,AWS_001,26.81,28.9,77.3,28.62,945.81,freeze
2026-09-12 01:43:22.628026,AWS_001,26.81,28.9,77.4,28.63,945.81,freeze
2026-09-12 01:43:24.662036,AWS_001,26.81,28.9,77.2,28.64,945.81,freeze
2026-09-12 01:43:26.691493,AWS_001,26.81,28.9,77.1,28.65,945.81,freeze
2026-09-12 01:43:28.718662,AWS_001,26.81,28.9,77.1,28.65,945.81,freeze
2026-09-12 01:43:30.745104,AWS_001,26.81,28.9,77.1,28.66,945.8,freeze
2026-09-12 01:43:32.776126,AWS_001,26.81,28.9,77.2,28.67,945.79,freeze
2026-09-12 01:43:34.805567,AWS_001,26.81,28.8,77.2,28.68,945.79,freeze
2026-09-12 01:43:36.833023,AWS_001,26.81,28.9,77.0,28.69,945.79,freeze
2026-09-12 01:43:38.864124,AWS_001,26.81,28.9,77.0,28.7,945.78,freeze
2026-09-12 01:43:40.891524,AWS_001,26.81,28.9,77.0,28.71,945.79,freeze
2026-09-12 01:43:42.926602,AWS_001,26.81,28.9,77.1,28.72,945.78,freeze
2026-09-12 01:43:44.946125,AWS_001,26.81,28.9,77.0,28.74,945.78,freeze
2026-09-12 01:43:46.978523,AWS_001,26.81,28.9,77.0,28.75,945.78,freeze
2026-09-12 01:43:49.001439,AWS_001,26.81,28.9,77.0,28.76,945.78,freeze
2026-09-12 01:43:51.036071,AWS_001,26.81,28.9,77.1,28.77,945.78,freeze
2026-09-12 01:43:53.067169,AWS_001,26.81,28.9,77.0,28.78,945.78,freeze
2026-09-12 01:43:55.094739,AWS_001,26.81,28.9,77.0,28.8,945.78,freeze
2026-09-12 01:43:57.123479,AWS_001,26.81,28.9,76.9,28.8,945.78,freeze
2026-09-12 01:43:59.157212,AWS_001,26.81,28.9,76.9,28.82,945.78,freeze
2026-09-12 01:44:01.182196,AWS_001,26.81,28.9,76.7,28.83,945.78,freeze
2026-09-12 01:44:03.209960,AWS_001,26.81,28.9,76.7,28.84,945.78,freeze
2026-09-12 01:44:05.239514,AWS_001,26.81,28.9,76.7,28.85,945.78,freeze
2026-09-12 01:44:07.283495,AWS_001,26.81,28.9,76.7,28.86,945.78,freeze
2026-09-12 01:44:09.297297,AWS_001,26.81,28.9,76.8,28.86,945.78,freeze
2026-09-12 01:44:11.326424,AWS_001,26.81,28.9,76.7,28.87,945.78,freeze
2026-09-12 01:44:13.355524,AWS_001,26.81,28.9,76.8,28.88,945.78,freeze
2026-09-12 01:44:15.384101,AWS_001,26.81,28.9,76.5,28.89,945.78,freeze
2026-09-12 01:44:17.413479,AWS_001,26.81,28.9,76.5,28.89,945.78,freeze
2026-09-12 01:44:19.581459,AWS_001,26.81,28.9,76.6,28.9,945.78,freeze
2026-09-12 01:44:21.465966,AWS_001,26.81,28.9,76.7,28.9,945.78,freeze
2026-09-12 01:44:23.500418,AWS_001,26.81,28.9,76.7,28.91,945.78,freeze
2026-09-12 01:44:25.529011,AWS_001,26.81,28.9,76.7,28.91,945.78,freeze
2026-09-12 01:44:27.557912,AWS_001,26.81,28.9,76.8,28.92,945.78,freeze
2026-09-12 01:44:29.586565,AWS_001,26.81,28.9,76.8,28.93,945.78,freeze
2026-09-12 01:44:31.616319,AWS_001,26.81,28.9,76.6,28.94,945.78,freeze
2026-09-12 01:44:33.650081,AWS_001,26.81,28.9,76.8,28.95,945.78,freeze
2026-09-12 01:44:35.674595,AWS_001,26.81,28.9,76.8,28.96,945.78,freeze
2026-09-12 01:44:37.702321,AWS_001,26.81,28.9,76.8,28.96,945.78,freeze
2026-09-12 01:44:39.732081,AWS_001,26.81,28.9,76.7,28.97,945.78,freeze
2026-09-12 01:44:41.760668,AWS_001,26.81,28.9,76.8,28.98,945.78,freeze
2026-09-12 01:44:43.798066,AWS_001,26.81,28.9,76.6,28.99,945.78,freeze
2026-09-12 01:44:45.820049,AWS_001,26.81,28.9,76.7,29.0,945.78,freeze
2026-09-12 01:44:47.853900,AWS_001,26.81,28.9,76.9,29.01,945.78,freeze
2026-09-12 01:44:49.876054,AWS_001,26.81,28.9,76.6,29.02,945.79,normal
2026-09-12 01:44:51.905484,AWS_001,26.87,28.9,76.6,29.02,945.78,normal
2026-09-12 01:44:53.934259,AWS_001,26.81,28.9,76.6,29.03,945.78,normal
2026-09-12 01:44:57.970046,AWS_001,26.87,28.9,76.6,29.03,945.78,normal
2026-09-12 01:44:59.999145,AWS_001,26.81,28.9,76.5,29.03,945.78,normal
2026-09-12 01:45:02.028577,AWS_001,26.87,28.9,76.7,29.03,945.77,normal
2026-09-12 01:45:04.070960,AWS_001,26.87,28.9,76.6,29.03,945.77,freeze
2026-09-12 01:45:06.086982,AWS_001,26.87,28.9,76.6,29.03,945.77,freeze
2026-09-12 01:45:08.115804,AWS_001,26.87,28.9,76.8,29.03,945.77,freeze
2026-09-12 01:45:10.144456,AWS_001,26.87,28.9,76.7,29.03,945.77,freeze
2026-09-12 01:45:12.173360,AWS_001,26.87,28.9,76.6,29.02,945.77,freeze
2026-09-12 01:45:14.201867,AWS_001,26.87,28.9,76.8,29.02,945.77,freeze
2026-09-12 01:45:16.231818,AWS_001,26.87,28.9,76.8,29.02,945.76,freeze
2026-09-12 01:45:18.262286,AWS_001,26.87,28.9,76.8,29.01,945.76,freeze
2026-09-12 01:45:20.289104,AWS_001,26.87,28.9,76.9,29.01,945.77,freeze
2026-09-12 01:45:22.319110,AWS_001,26.87,28.9,76.9,29.01,945.77,freeze
2026-09-12 01:45:24.347883,AWS_001,26.87,28.9,77.1,29.01,945.77,freeze
2026-09-12 01:45:26.375850,AWS_001,26.87,28.9,77.2,29.01,945.76,freeze
2026-09-12 01:45:28.405883,AWS_001,26.87,28.9,77.2,29.01,945.76,freeze
2026-09-12 01:45:30.526354,AWS_001,26.87,28.9,77.2,29.01,945.76,freeze
2026-09-12 01:45:32.463600,AWS_001,26.87,29.0,77.1,29.01,945.76,freeze
2026-09-12 01:45:34.491826,AWS_001,26.87,28.9,77.0,29.01,945.76,freeze
2026-09-12 01:45:36.520944,AWS_001,26.87,29.0,77.1,29.01,945.77,freeze
2026-09-12 01:45:38.550152,AWS_001,26.87,29.0,76.9,29.01,945.77,freeze
2026-09-12 01:45:40.582426,AWS_001,26.87,29.0,76.8,29.02,945.77,freeze
2026-09-12 01:45:42.608553,AWS_001,26.87,29.0,77.0,29.02,945.77,freeze
2026-09-12 01:45:44.637627,AWS_001,26.87,29.0,76.9,29.02,945.77,freeze
2026-09-12 01:45:46.665821,AWS_001,26.87,29.0,77.0,29.03,945.77,freeze
2026-09-12 01:45:48.694601,AWS_001,26.87,29.0,76.8,29.03,945.77,freeze
2026-09-12 01:45:50.724218,AWS_001,26.87,29.0,76.9,29.03,945.76,freeze
2026-09-12 01:45:52.753942,AWS_001,26.87,29.0,76.7,29.03,945.76,freeze
2026-09-12 01:45:54.782531,AWS_001,26.87,29.0,76.6,29.04,945.76,freeze
2026-09-12 01:45:56.811407,AWS_001,26.87,29.0,76.4,29.04,945.76,freeze
2026-09-12 01:45:58.840060,AWS_001,26.87,29.1,76.7,29.04,945.76,freeze
2026-09-12 01:46:00.869432,AWS_001,26.87,29.0,76.5,29.04,945.75,freeze
2026-09-12 01:46:02.901713,AWS_001,26.87,29.0,76.3,29.04,945.76,freeze
2026-09-12 01:46:04.927086,AWS_001,26.87,29.1,76.2,29.04,945.76,freeze
2026-09-12 01:46:06.956620,AWS_001,26.87,29.1,76.3,29.04,945.76,freeze
2026-09-12 01:46:08.988856,AWS_001,26.87,29.1,76.2,29.04,945.76,freeze
2026-09-12 01:46:11.015307,AWS_001,26.87,29.1,76.1,29.04,945.76,freeze
2026-09-12 01:46:13.042880,AWS_001,26.87,29.1,76.1,29.05,945.76,freeze
2026-09-12 01:46:15.072186,AWS_001,26.87,29.1,76.1,29.05,945.76,freeze
2026-09-12 01:46:17.101728,AWS_001,26.87,29.1,76.1,29.05,945.76,freeze
2026-09-12 01:46:19.138090,AWS_001,26.87,29.1,76.0,29.05,945.76,freeze
2026-09-12 01:46:21.159603,AWS_001,26.87,29.1,76.0,29.05,945.76,freeze
2026-09-12 01:46:23.187921,AWS_001,26.87,29.1,76.0,29.05,945.76,freeze
2026-09-12 01:46:25.217973,AWS_001,26.87,29.1,76.0,29.04,945.76,freeze
2026-09-12 01:46:27.246615,AWS_001,26.87,29.1,75.9,29.04,945.76,freeze
2026-09-12 01:46:29.274947,AWS_001,26.87,29.1,76.0,29.04,945.76,freeze
2026-09-12 01:46:31.304947,AWS_001,26.87,29.1,75.9,29.03,945.76,freeze
2026-09-12 01:46:33.333160,AWS_001,26.87,29.0,76.0,29.03,945.76,normal
2026-09-12 01:46:35.362560,AWS_001,26.87,29.1,75.9,29.03,945.77,normal
2026-09-12 01:46:37.391301,AWS_001,26.87,29.1,76.0,29.02,945.77,normal
2026-09-12 01:46:39.419467,AWS_001,26.87,29.1,75.9,29.01,945.77,normal
2026-09-12 01:46:41.475583,AWS_001,26.87,29.1,75.9,29.01,945.77,normal
2026-09-12 01:46:43.477842,AWS_001,26.87,29.0,75.9,29.0,945.77,normal
2026-09-12 01:46:45.510913,AWS_001,26.87,29.0,76.0,29.0,945.78,normal
2026-09-12 01:46:47.535681,AWS_001,26.87,29.1,76.1,29.0,945.78,normal
2026-09-12 01:46:49.564980,AWS_001,26.87,29.0,76.0,28.99,945.77,normal
2026-09-12 01:46:51.593469,AWS_001,26.87,29.0,76.0,28.99,945.78,normal
2026-09-12 01:46:53.618272,AWS_001,26.87,29.0,76.0,28.99,945.77,freeze
2026-09-12 01:46:55.651773,AWS_001,26.87,29.0,76.2,28.99,945.77,freeze
2026-09-12 01:46:57.680656,AWS_001,26.87,29.0,76.1,28.99,945.77,freeze
2026-09-12 01:46:59.709435,AWS_001,26.87,29.0,76.1,28.99,945.78,freeze
2026-09-12 01:47:01.740287,AWS_001,26.87,29.0,76.2,28.99,945.78,freeze
2026-09-12 01:47:03.769170,AWS_001,26.87,29.0,76.2,28.99,945.78,freeze
2026-09-12 01:47:07.805678,AWS_001,26.87,29.0,76.3,29.0,945.78,freeze
2026-09-12 01:47:09.833561,AWS_001,26.87,29.0,76.3,29.0,945.79,freeze
2026-09-12 01:47:11.862928,AWS_001,26.87,29.0,76.3,29.0,945.78,freeze
2026-09-12 01:47:13.892078,AWS_001,26.87,29.0,76.2,29.01,945.78,freeze
2026-09-12 01:47:15.921014,AWS_001,26.87,29.0,76.3,29.01,945.78,freeze
2026-09-12 01:47:17.948873,AWS_001,26.87,29.0,76.2,29.02,945.78,freeze
2026-09-12 01:47:19.978917,AWS_001,26.87,28.9,76.4,29.02,945.78,freeze
2026-09-12 01:47:22.010678,AWS_001,26.87,29.0,76.5,29.03,945.78,freeze
2026-09-12 01:47:24.037422,AWS_001,26.87,28.9,76.2,29.03,945.78,freeze
2026-09-12 01:47:26.067453,AWS_001,26.87,28.9,76.5,29.03,945.78,freeze
2026-09-12 01:47:28.059801,AWS_001,26.87,28.9,76.5,29.03,945.78,freeze
2026-09-12 01:47:30.088651,AWS_001,26.87,29.0,76.5,29.03,945.78,freeze
2026-09-12 01:47:32.117613,AWS_001,26.87,28.9,76.5,29.03,945.78,freeze
2026-09-12 01:47:34.146228,AWS_001,26.87,29.0,76.5,29.03,945.78,freeze
2026-09-12 01:47:36.175711,AWS_001,26.87,29.0,76.4,29.03,945.78,freeze
2026-09-12 01:47:38.204046,AWS_001,26.87,29.0,76.5,29.02,945.78,freeze
2026-09-12 01:47:40.233845,AWS_001,26.87,28.9,76.7,29.02,945.78,freeze
2026-09-12 01:47:42.264801,AWS_001,26.87,28.9,76.6,29.02,945.78,freeze
2026-09-12 01:47:44.291055,AWS_001,26.87,29.0,76.7,29.02,945.77,freeze
2026-09-12 01:47:46.320391,AWS_001,26.87,28.9,76.5,29.02,945.78,freeze
2026-09-12 01:47:48.349495,AWS_001,26.87,28.9,76.6,29.03,945.78,freeze
2026-09-12 01:47:50.428266,AWS_001,26.87,28.9,76.7,29.03,945.78,freeze
2026-09-12 01:47:52.407030,AWS_001,26.87,28.9,76.6,29.03,945.78,freeze
2026-09-12 01:47:54.436440,AWS_001,26.87,28.9,76.8,29.03,945.79,freeze
2026-09-12 01:47:56.509522,AWS_001,26.87,28.9,76.6,29.02,945.79,freeze
2026-09-12 01:47:58.502101,AWS_001,26.87,28.9,76.7,29.02,945.78,freeze
2026-09-12 01:48:00.523655,AWS_001,26.87,28.9,76.7,29.03,945.78,freeze
2026-09-12 01:48:02.556048,AWS_001,26.87,28.9,76.7,29.02,945.78,freeze
2026-09-12 01:48:04.580745,AWS_001,26.87,28.9,76.8,29.02,945.78,freeze
2026-09-12 01:48:06.610154,AWS_001,26.87,28.9,76.8,29.02,945.78,freeze
2026-09-12 01:48:08.638134,AWS_001,26.87,28.9,76.7,29.02,945.78,freeze
2026-09-12 01:48:10.671004,AWS_001,26.87,28.9,76.8,29.02,945.78,freeze
2026-09-12 01:48:12.730999,AWS_001,26.87,28.9,76.7,29.02,945.78,freeze
2026-09-12 01:48:14.725854,AWS_001,26.87,28.9,76.8,29.02,945.78,freeze
2026-09-12 01:48:16.754742,AWS_001,26.87,28.9,76.8,29.02,945.78,freeze
2026-09-12 01:48:18.755021,AWS_001,26.87,28.9,76.9,29.02,945.78,freeze
2026-09-12 01:48:20.784097,AWS_001,26.87,28.9,76.8,29.01,945.78,freeze
2026-09-12 01:48:22.813017,AWS_001,26.87,28.9,76.8,29.01,945.78,normal
2026-09-12 01:48:24.841559,AWS_001,26.94,28.9,76.8,29.01,945.78,normal
2026-09-12 01:48:26.870324,AWS_001,26.94,28.9,76.9,29.01,945.78,normal
2026-09-12 01:48:28.899040,AWS_001,26.87,28.9,76.9,29.01,945.78,normal
2026-09-12 01:48:30.925224,AWS_001,26.94,28.9,76.9,29.01,945.78,normal
2026-09-12 01:48:32.958095,AWS_001,26.87,28.9,77.0,29.01,945.78,normal
2026-09-12 01:48:34.985902,AWS_001,26.95,28.9,77.0,29.01,945.78,drift
2026-09-12 01:48:37.014485,AWS_001,27.15,28.9,77.0,29.01,945.78,drift
2026-09-12 01:48:39.044060,AWS_001,27.35,28.9,77.0,29.01,945.78,drift
2026-09-12 01:48:41.073116,AWS_001,27.56,28.9,76.9,29.01,945.77,drift
2026-09-12 01:48:43.098615,AWS_001,27.76,28.9,76.9,29.01,945.77,drift
2026-09-12 01:48:45.130348,AWS_001,27.96,28.9,77.1,29.01,945.77,drift
2026-09-12 01:48:47.159347,AWS_001,28.17,28.9,77.1,29.01,945.77,drift
2026-09-12 01:48:49.188203,AWS_001,28.37,28.9,76.9,29.01,945.77,drift
2026-09-12 01:48:51.217673,AWS_001,28.57,28.9,77.0,29.01,945.77,drift
2026-09-12 01:48:53.247084,AWS_001,28.77,28.9,77.0,29.01,945.77,drift
2026-09-12 01:48:55.275624,AWS_001,26.99,28.9,77.0,29.01,945.77,drift
2026-09-12 01:48:57.305014,AWS_001,27.2,28.9,76.9,29.01,945.77,drift
2026-09-12 01:48:59.337614,AWS_001,27.4,28.9,77.0,29.02,945.78,drift
2026-09-12 01:49:01.379048,AWS_001,27.6,28.9,76.8,29.02,945.78,drift
2026-09-12 01:49:03.391522,AWS_001,27.8,28.9,76.8,29.02,945.78,drift
2026-09-12 01:49:05.421612,AWS_001,28.01,28.9,76.9,29.03,945.78,drift
2026-09-12 01:49:07.447507,AWS_001,28.21,28.9,76.8,29.03,945.77,drift
2026-09-12 01:49:09.481131,AWS_001,28.41,28.9,76.6,29.03,945.77,drift
2026-09-12 01:49:11.508086,AWS_001,28.62,28.9,76.8,29.04,945.78,drift
2026-09-12 01:49:13.538591,AWS_001,28.82,29.0,76.6,29.04,945.78,drift
2026-09-12 01:49:15.565619,AWS_001,26.94,28.9,76.6,29.04,945.77,normal
2026-09-12 01:49:17.596100,AWS_001,27.13,28.9,76.7,29.04,945.77,drift
2026-09-12 01:49:19.623434,AWS_001,27.34,28.9,76.6,29.04,945.77,drift
2026-09-12 01:49:21.652882,AWS_001,27.54,28.9,76.8,29.05,945.77,drift
2026-09-12 01:49:23.682155,AWS_001,27.74,28.9,76.6,29.05,945.77,drift
2026-09-12 01:49:25.710121,AWS_001,27.94,28.9,76.6,29.05,945.77,drift
2026-09-12 01:49:27.739530,AWS_001,28.15,28.9,76.5,29.05,945.77,drift
2026-09-12 01:49:29.769222,AWS_001,28.35,29.0,76.5,29.05,945.77,drift
2026-09-12 01:49:31.797912,AWS_001,28.55,28.9,76.3,29.05,945.77,drift
2026-09-12 01:49:33.827330,AWS_001,28.76,29.0,76.6,29.05,945.76,drift
2026-09-12 01:49:35.857004,AWS_001,26.95,28.9,76.4,29.05,945.76,drift
2026-09-12 01:49:37.884968,AWS_001,27.15,28.9,76.5,29.05,945.76,drift
2026-09-12 01:49:39.915862,AWS_001,27.35,28.9,76.4,29.05,945.76,drift
2026-09-12 01:49:41.943353,AWS_001,27.56,28.9,76.5,29.05,945.76,drift
2026-09-12 01:49:43.972293,AWS_001,27.76,29.0,76.4,29.06,945.76,drift
2026-09-12 01:49:46.001408,AWS_001,27.96,28.9,76.6,29.06,945.75,drift
2026-09-12 01:49:48.030672,AWS_001,28.16,28.9,76.5,29.06,945.76,drift
2026-09-12 01:49:50.088888,AWS_001,28.37,28.9,76.7,29.07,945.76,drift
2026-09-12 01:49:52.088051,AWS_001,28.57,28.9,76.5,29.07,945.76,drift
2026-09-12 01:49:54.117359,AWS_001,28.77,28.9,76.6,29.07,945.75,drift
2026-09-12 01:49:56.146005,AWS_001,27.31,29.0,76.6,29.08,945.75,normal
2026-09-12 01:49:58.175962,AWS_001,27.37,28.9,76.6,29.08,945.75,drift
2026-09-12 01:50:00.203271,AWS_001,27.57,28.9,76.5,29.08,945.75,drift
2026-09-12 01:50:02.263166,AWS_001,27.78,28.9,76.5,29.08,945.74,drift
2026-09-12 01:50:04.232977,AWS_001,27.98,29.0,76.6,29.09,945.75,drift
2026-09-12 01:50:06.263044,AWS_001,28.18,29.0,76.5,29.09,945.75,drift
2026-09-12 01:50:08.296185,AWS_001,28.38,28.9,76.5,29.09,945.75,drift
2026-09-12 01:50:10.370327,AWS_001,28.58,28.9,76.5,29.09,945.75,drift
2026-09-12 01:50:12.345406,AWS_001,28.79,28.9,76.5,29.1,945.75,drift
2026-09-12 01:50:14.382688,AWS_001,28.99,28.9,76.7,29.1,945.75,drift
2026-09-12 01:50:16.410363,AWS_001,29.19,29.0,76.6,29.11,945.75,drift
2026-09-12 01:50:18.428643,AWS_001,27.48,29.0,76.5,29.11,945.74,drift
2026-09-12 01:50:20.462940,AWS_001,27.68,29.0,76.5,29.11,945.74,drift
2026-09-12 01:50:22.493891,AWS_001,27.89,29.0,76.5,29.12,945.74,drift
2026-09-12 01:50:24.523117,AWS_001,28.09,28.9,76.5,29.12,945.74,drift
2026-09-12 01:50:26.553583,AWS_001,28.29,29.0,76.5,29.13,945.75,drift
2026-09-12 01:50:28.580334,AWS_001,28.49,29.0,76.4,29.13,945.74,drift
2026-09-12 01:50:30.611082,AWS_001,28.7,29.0,76.4,29.14,945.74,drift
2026-09-12 01:50:32.639821,AWS_001,28.9,29.0,76.5,29.14,945.74,drift
2026-09-12 01:50:34.668338,AWS_001,29.1,28.9,76.4,29.15,945.74,drift
2026-09-12 01:50:36.697645,AWS_001,29.31,29.0,76.4,29.15,945.73,drift
2026-09-12 01:50:38.699564,AWS_001,27.43,29.0,76.4,29.15,945.73,drift
2026-09-12 01:50:40.726470,AWS_001,27.63,29.0,76.3,29.15,945.73,drift
2026-09-12 01:50:42.755630,AWS_001,27.84,29.0,76.4,29.15,945.72,drift
2026-09-12 01:50:44.783832,AWS_001,28.04,29.0,76.4,29.15,945.72,drift
2026-09-12 01:50:46.834514,AWS_001,28.24,28.9,76.4,29.15,945.72,drift
2026-09-12 01:50:48.848012,AWS_001,28.44,28.9,76.5,29.15,945.72,drift
2026-09-12 01:50:50.870537,AWS_001,28.65,28.9,76.4,29.15,945.71,drift
2026-09-12 01:50:52.900287,AWS_001,28.85,29.0,76.4,29.15,945.71,drift
2026-09-12 01:50:54.930642,AWS_001,29.05,28.9,76.4,29.14,945.71,drift
2026-09-12 01:50:56.959619,AWS_001,29.26,28.9,76.3,29.14,945.71,drift
2026-09-12 01:50:58.986995,AWS_001,27.36,29.0,76.4,29.13,945.71,drift
2026-09-12 01:51:01.034510,AWS_001,27.56,28.9,76.5,29.13,945.71,drift
2026-09-12 01:51:03.044158,AWS_001,27.76,28.9,76.4,29.13,945.71,drift
2026-09-12 01:51:05.074651,AWS_001,27.97,28.9,76.4,29.12,945.7,drift
2026-09-12 01:51:07.107964,AWS_001,28.17,28.9,76.7,29.12,945.7,drift
2026-09-12 01:51:09.131613,AWS_001,28.37,28.9,76.5,29.12,945.7,drift
2026-09-12 01:51:11.161244,AWS_001,28.58,28.9,76.4,29.12,945.7,drift
2026-09-12 01:51:13.188998,AWS_001,28.78,28.9,76.8,29.12,945.7,drift
2026-09-12 01:51:15.222217,AWS_001,28.98,28.9,76.7,29.12,945.7,drift
2026-09-12 01:51:17.247809,AWS_001,29.18,28.9,76.7,29.11,945.7,drift
2026-09-12 01:51:19.276913,AWS_001,27.3,28.8,76.9,29.11,945.7,drift
2026-09-12 01:51:21.339965,AWS_001,27.51,28.9,76.9,29.11,945.7,drift
2026-09-12 01:51:23.334246,AWS_001,27.71,28.9,76.9,29.11,945.7,drift
2026-09-12 01:51:25.378239,AWS_001,27.91,28.8,76.9,29.1,945.7,drift
2026-09-12 01:51:27.397793,AWS_001,28.12,28.8,76.8,29.1,945.69,drift
2026-09-12 01:51:29.425135,AWS_001,28.32,28.8,77.0,29.1,945.7,drift
2026-09-12 01:51:31.510093,AWS_001,28.52,28.9,77.1,29.1,945.69,drift
2026-09-12 01:51:33.478462,AWS_001,28.73,28.8,77.0,29.1,945.69,drift
2026-09-12 01:51:35.509306,AWS_001,28.93,28.9,77.0,29.1,945.69,drift
2026-09-12 01:51:37.537659,AWS_001,29.13,28.8,77.0,29.1,945.7,drift
2026-09-12 01:51:39.560717,AWS_001,27.23,28.8,77.0,29.1,945.7,drift
2026-09-12 01:51:41.597615,AWS_001,27.43,28.8,77.1,29.1,945.7,drift
2026-09-12 01:51:43.621822,AWS_001,27.64,28.8,77.1,29.1,945.7,drift
2026-09-12 01:51:45.689692,AWS_001,27.84,28.8,77.2,29.1,945.7,drift
2026-09-12 01:51:47.682673,AWS_001,28.04,28.8,77.1,29.1,945.69,drift
2026-09-12 01:51:49.711130,AWS_001,28.24,28.8,77.2,29.1,945.69,drift
2026-09-12 01:51:51.740367,AWS_001,28.45,28.8,77.1,29.1,945.7,drift
2026-09-12 01:51:53.770445,AWS_001,28.65,28.8,77.1,29.1,945.7,drift
2026-09-12 01:51:55.798539,AWS_001,28.85,28.8,77.1,29.1,945.7,drift
2026-09-12 01:51:57.828509,AWS_001,29.06,28.8,77.2,29.1,945.7,drift
2026-09-12 01:51:59.855589,AWS_001,27.19,28.8,77.2,29.1,945.69,normal
2026-09-12 01:52:01.884810,AWS_001,27.32,28.8,77.2,29.1,945.69,drift
2026-09-12 01:52:03.913993,AWS_001,27.52,28.8,77.3,29.09,945.69,drift
2026-09-12 01:52:05.942631,AWS_001,27.72,28.8,77.1,29.09,945.69,drift
2026-09-12 01:52:07.971685,AWS_001,27.93,28.8,77.2,29.08,945.69,drift
2026-09-12 01:52:10.000112,AWS_001,28.13,28.8,77.2,29.08,945.69,drift
2026-09-12 01:52:12.028458,AWS_001,28.33,28.8,77.2,29.08,945.7,drift
2026-09-12 01:52:14.058051,AWS_001,28.53,28.8,77.2,29.07,945.69,drift
2026-09-12 01:52:16.084924,AWS_001,28.74,28.8,77.3,29.06,945.69,drift
2026-09-12 01:52:18.114101,AWS_001,28.94,28.8,77.2,29.06,945.69,drift
2026-09-12 01:52:20.143462,AWS_001,29.14,28.8,77.2,29.05,945.69,drift
2026-09-12 01:52:22.171890,AWS_001,27.34,28.8,77.4,29.05,945.69,drift
2026-09-12 01:52:24.201472,AWS_001,27.54,28.7,77.1,29.05,945.69,drift
2026-09-12 01:52:26.230472,AWS_001,27.74,28.8,77.2,29.04,945.68,drift
2026-09-12 01:52:28.259416,AWS_001,27.94,28.8,77.3,29.03,945.68,drift
2026-09-12 01:52:30.287694,AWS_001,28.15,28.8,77.2,29.03,945.68,drift
2026-09-12 01:52:32.317505,AWS_001,28.35,28.7,77.3,29.03,945.68,drift
2026-09-12 01:52:34.346066,AWS_001,28.55,28.8,77.4,29.07,945.67,drift
2026-09-12 01:52:36.379688,AWS_001,28.76,28.8,77.4,29.1,945.66,drift
2026-09-12 01:52:38.404017,AWS_001,28.96,28.8,77.3,29.13,945.66,drift
2026-09-12 01:52:40.433215,AWS_001,29.16,28.8,77.3,29.16,945.66,drift
2026-09-12 01:52:42.462339,AWS_001,27.21,28.8,77.2,29.2,945.66,drift
2026-09-12 01:52:44.489903,AWS_001,27.42,28.9,77.1,29.22,945.65,drift
2026-09-12 01:52:46.520987,AWS_001,27.62,28.9,77.3,29.25,945.65,drift
2026-09-12 01:52:48.548430,AWS_001,27.82,29.0,76.9,29.29,945.65,drift
2026-09-12 01:52:50.576751,AWS_001,28.02,29.0,76.9,29.31,945.65,drift
2026-09-12 01:52:52.606066,AWS_001,28.23,29.1,76.7,29.33,945.65,drift
2026-09-12 01:52:54.635488,AWS_001,28.43,29.1,76.3,29.36,945.65,drift
2026-09-12 01:52:56.663821,AWS_001,28.63,29.2,76.4,29.37,945.65,drift
2026-09-12 01:52:58.692348,AWS_001,28.84,29.2,76.1,29.39,945.65,drift
2026-09-12 01:53:00.693039,AWS_001,29.04,29.3,75.8,29.41,945.65,drift
2026-09-12 01:53:02.721998,AWS_001,27.42,29.3,75.7,29.44,945.65,drift
2026-09-12 01:53:04.750877,AWS_001,27.62,29.4,75.5,29.47,945.65,drift
2026-09-12 01:53:06.780083,AWS_001,27.82,29.4,75.3,29.49,945.65,drift
2026-09-12 01:53:08.809014,AWS_001,28.02,29.5,75.1,29.51,945.65,drift
2026-09-12 01:53:10.838201,AWS_001,28.23,29.5,75.2,29.53,945.65,drift
2026-09-12 01:53:12.868044,AWS_001,28.43,29.6,74.9,29.55,945.66,drift
2026-09-12 01:53:14.895501,AWS_001,28.63,29.6,74.6,29.57,945.66,drift
2026-09-12 01:53:16.924168,AWS_001,28.84,29.7,74.5,29.59,945.65,drift
2026-09-12 01:53:18.953796,AWS_001,29.04,29.7,74.2,29.6,945.65,drift
2026-09-12 01:53:20.983079,AWS_001,29.24,29.8,74.1,29.61,945.65,drift
2026-09-12 01:53:23.011279,AWS_001,27.58,29.8,73.9,29.62,945.66,drift
2026-09-12 01:53:25.040618,AWS_001,27.79,29.9,73.6,29.62,945.65,drift
2026-09-12 01:53:27.070082,AWS_001,27.99,29.9,73.6,29.63,945.65,drift
2026-09-12 01:53:29.098650,AWS_001,28.19,29.9,73.5,29.63,945.66,drift
2026-09-12 01:53:31.125369,AWS_001,28.4,30.0,73.3,29.64,945.66,drift
2026-09-12 01:53:33.157293,AWS_001,28.6,30.0,73.2,29.66,945.65,drift
2026-09-12 01:53:35.187321,AWS_001,28.8,30.0,73.4,29.68,945.66,drift
2026-09-12 01:53:37.215889,AWS_001,29.01,30.1,73.4,29.7,945.66,drift
2026-09-12 01:53:39.246302,AWS_001,29.21,30.2,73.1,29.71,945.66,drift
2026-09-12 01:53:41.274186,AWS_001,29.41,30.2,73.1,29.71,945.65,drift
2026-09-12 01:53:43.303412,AWS_001,27.62,30.3,72.9,29.73,945.65,normal
2026-09-12 01:53:45.332216,AWS_001,27.69,30.3,72.7,29.74,945.65,normal
2026-09-12 01:54:11.639771,AWS_001,27.81,30.8,71.1,29.82,945.65,normal
2026-09-12 01:54:25.823531,AWS_001,27.81,30.9,70.9,29.82,945.65,normal
2026-09-12 01:54:27.852425,AWS_001,27.87,30.9,70.8,29.83,945.65,normal
2026-09-12 01:54:29.880723,AWS_001,27.81,30.9,70.7,29.84,945.66,normal
2026-09-12 01:54:56.222756,AWS_001,27.94,31.2,70.0,29.81,945.64,normal
2026-09-12 01:54:58.251916,AWS_001,27.94,31.1,70.0,29.81,945.64,normal
2026-09-12 01:55:00.280118,AWS_001,27.94,31.1,69.9,29.8,945.64,normal
2026-09-12 01:55:14.434844,AWS_001,28.0,31.2,69.8,29.82,945.64,normal
2026-09-12 01:55:40.719280,AWS_001,-127.0,31.2,69.5,29.85,945.64,corruption
2026-09-12 01:55:42.748782,AWS_001,-127.0,31.3,69.5,29.86,945.64,corruption
2026-09-12 01:55:44.741724,AWS_001,-127.0,31.3,69.5,29.87,945.64,corruption
2026-09-12 01:55:46.771543,AWS_001,-127.0,31.2,69.5,29.87,945.64,corruption
2026-09-12 01:55:48.866296,AWS_001,-127.0,31.2,69.6,29.87,945.65,corruption
2026-09-12 01:55:50.809984,AWS_001,-127.0,31.3,69.7,29.88,945.64,corruption
2026-09-12 01:55:52.838399,AWS_001,-127.0,31.2,69.7,29.89,945.65,corruption
2026-09-12 01:55:54.868347,AWS_001,-127.0,31.2,69.7,29.9,945.64,corruption
2026-09-12 01:55:56.896804,AWS_001,28.31,31.3,69.5,29.9,945.64,normal
2026-09-12 01:55:58.907989,AWS_001,-127.0,31.3,69.6,29.91,945.64,corruption
2026-09-12 01:56:00.936354,AWS_001,-127.0,31.3,69.6,29.92,945.64,corruption
2026-09-12 01:56:02.964376,AWS_001,-127.0,31.3,69.5,29.92,945.64,corruption
2026-09-12 01:56:04.958995,AWS_001,-127.0,31.3,69.5,29.93,945.64,corruption
2026-09-12 01:56:07.000171,AWS_001,-127.0,31.3,69.4,29.93,945.65,corruption
2026-09-12 01:56:09.029862,AWS_001,-127.0,31.3,69.3,29.93,945.64,corruption
2026-09-12 01:56:11.058758,AWS_001,-127.0,31.3,69.4,29.93,945.64,corruption
2026-09-12 01:56:13.081859,AWS_001,-127.0,31.3,69.3,29.92,945.64,corruption
2026-09-12 01:56:15.118977,AWS_001,28.44,31.3,69.3,29.91,945.65,normal
2026-09-12 01:56:17.221480,AWS_001,-127.0,31.4,69.2,29.92,945.65,corruption
2026-09-12 01:56:19.157975,AWS_001,-127.0,31.3,69.2,29.91,945.65,corruption
2026-09-12 01:56:21.183373,AWS_001,-127.0,31.3,69.4,29.91,945.65,corruption
2026-09-12 01:56:23.214219,AWS_001,-127.0,31.3,69.3,29.91,945.65,corruption
2026-09-12 01:56:25.241174,AWS_001,28.5,31.3,69.3,29.92,945.65,normal
2026-09-12 01:56:27.246354,AWS_001,-127.0,31.3,69.2,29.93,945.64,corruption
2026-09-12 01:56:29.274703,AWS_001,-127.0,31.3,69.2,29.93,945.64,corruption
2026-09-12 01:56:31.310693,AWS_001,-127.0,31.3,69.3,29.93,945.64,corruption
2026-09-12 01:56:33.339087,AWS_001,-127.0,31.3,69.3,29.91,945.64,corruption
2026-09-12 01:56:35.347891,AWS_001,-127.0,31.3,69.4,29.9,945.64,corruption
2026-09-12 01:56:37.377540,AWS_001,-127.0,31.2,69.4,29.9,945.64,corruption
2026-09-12 01:56:39.408101,AWS_001,-127.0,31.3,69.3,29.88,945.64,corruption
2026-09-12 01:56:41.431124,AWS_001,-127.0,31.3,69.3,29.87,945.63,corruption
2026-09-12 01:56:43.444750,AWS_001,-127.0,31.3,69.2,29.87,945.64,corruption
2026-09-12 01:56:45.475057,AWS_001,-127.0,31.3,69.4,29.87,945.64,corruption
2026-09-12 01:56:47.500847,AWS_001,-127.0,31.3,69.3,29.87,945.64,corruption
2026-09-12 01:56:49.532828,AWS_001,-127.0,31.3,69.4,29.88,945.64,corruption
2026-09-12 01:56:51.564486,AWS_001,28.62,31.3,69.3,29.88,945.64,normal
2026-09-12 01:56:53.575204,AWS_001,-127.0,31.3,69.4,29.88,945.64,corruption
2026-09-12 01:56:55.604436,AWS_001,-127.0,31.3,69.3,29.89,945.63,corruption
2026-09-12 01:56:57.632954,AWS_001,-127.0,31.3,69.3,29.89,945.64,corruption
2026-09-12 01:56:59.666223,AWS_001,-127.0,31.3,69.3,29.89,945.63,corruption
2026-09-12 01:57:01.696305,AWS_001,28.62,31.3,69.3,29.9,945.63,normal
2026-09-12 01:57:03.698600,AWS_001,-127.0,31.3,69.4,29.9,945.63,corruption
2026-09-12 01:57:05.727468,AWS_001,-127.0,31.3,69.3,29.9,945.62,corruption
2026-09-12 01:57:07.758478,AWS_001,-127.0,31.3,69.3,29.9,945.62,corruption
2026-09-12 01:57:09.782705,AWS_001,-127.0,31.3,69.3,29.91,945.62,corruption
2026-09-12 01:57:11.794900,AWS_001,-127.0,31.3,69.4,29.91,945.62,corruption
2026-09-12 01:57:13.826209,AWS_001,-127.0,31.2,69.5,29.91,945.62,corruption
2026-09-12 01:57:15.818817,AWS_001,-127.0,31.2,69.5,29.91,945.62,corruption
2026-09-12 01:57:17.889576,AWS_001,-127.0,31.2,69.5,29.9,945.63,corruption
2026-09-12 01:57:19.856010,AWS_001,-127.0,31.2,69.5,29.9,945.63,corruption
2026-09-12 01:57:21.852151,AWS_001,-127.0,31.2,69.5,29.89,945.62,corruption
2026-09-12 01:57:23.877453,AWS_001,-127.0,31.1,69.6,29.89,945.62,corruption
2026-09-12 01:57:25.907917,AWS_001,-127.0,31.1,69.7,29.89,945.62,corruption
2026-09-12 01:57:27.919482,AWS_001,-127.0,31.1,69.8,29.88,945.62,corruption
2026-09-12 01:57:29.949312,AWS_001,-127.0,31.0,70.0,29.87,945.62,corruption
2026-09-12 01:57:31.976595,AWS_001,-127.0,31.0,69.9,29.85,945.62,corruption
2026-09-12 01:57:34.007861,AWS_001,-127.0,31.0,70.1,29.84,945.62,corruption
2026-09-12 01:57:36.049281,AWS_001,-127.0,31.0,70.3,29.84,945.62,corruption
2026-09-12 01:57:38.044765,AWS_001,-127.0,31.0,70.2,29.82,945.61,corruption
2026-09-12 01:57:40.044053,AWS_001,-127.0,30.9,70.3,29.81,945.61,corruption
2026-09-12 01:57:42.042285,AWS_001,-127.0,30.9,70.3,29.81,945.61,corruption
2026-09-12 01:57:44.058284,AWS_001,-127.0,30.9,70.3,29.8,945.61,corruption
2026-09-12 01:57:46.057695,AWS_001,-127.0,30.9,70.4,29.78,945.61,corruption
2026-09-12 01:57:48.085319,AWS_001,-127.0,30.9,70.5,29.77,945.61,corruption
2026-09-12 01:57:50.116478,AWS_001,-127.0,30.9,70.5,29.75,945.6,corruption
2026-09-12 01:57:52.683920,AWS_001,-127.0,30.9,70.6,29.74,945.61,corruption
2026-09-12 01:57:54.157355,AWS_001,-127.0,30.8,70.7,29.73,945.61,corruption
2026-09-12 01:57:56.283339,AWS_001,-127.0,30.8,70.5,29.73,945.6,corruption
2026-09-12 01:57:58.211121,AWS_001,-127.0,30.8,70.7,29.73,945.6,corruption
2026-09-12 01:58:00.248099,AWS_001,28.75,30.8,70.7,29.74,945.6,normal
2026-09-12 01:58:02.277391,AWS_001,-127.0,30.8,70.7,29.74,945.6,corruption
2026-09-12 01:58:04.279099,AWS_001,-127.0,30.8,70.8,29.74,945.6,corruption
2026-09-12 01:58:06.308016,AWS_001,-127.0,30.8,70.8,29.74,945.6,corruption
2026-09-12 01:58:08.302518,AWS_001,-127.0,30.8,70.8,29.74,945.6,corruption
2026-09-12 01:58:10.311813,AWS_001,-127.0,30.8,71.0,29.73,945.6,corruption
2026-09-12 01:58:12.344077,AWS_001,-127.0,30.8,70.7,29.73,945.6,corruption
2026-09-12 01:58:14.397653,AWS_001,-127.0,30.8,70.9,29.72,945.6,corruption
2026-09-12 01:58:16.400068,AWS_001,-127.0,30.9,70.9,29.72,945.6,corruption
2026-09-12 01:58:18.409545,AWS_001,-127.0,30.9,70.8,29.71,945.6,corruption
2026-09-12 01:58:20.439469,AWS_001,-127.0,30.8,70.8,29.71,945.6,corruption
2026-09-12 01:58:22.478005,AWS_001,-127.0,30.8,70.7,29.7,945.61,corruption
2026-09-12 01:58:24.499815,AWS_001,-127.0,30.9,70.8,29.69,945.6,corruption
2026-09-12 01:58:26.509747,AWS_001,-127.0,30.8,70.7,29.69,945.6,corruption
2026-09-12 01:58:28.609492,AWS_001,-127.0,30.9,70.8,29.67,945.6,corruption
2026-09-12 01:58:30.563144,AWS_001,-127.0,30.8,70.8,29.67,945.6,corruption
2026-09-12 01:58:32.593418,AWS_001,-127.0,30.8,70.8,29.66,945.6,corruption
2026-09-12 01:58:34.607156,AWS_001,-127.0,30.9,70.7,29.66,945.6,corruption
2026-09-12 01:58:36.631503,AWS_001,-127.0,30.8,70.8,29.66,945.6,corruption
2026-09-12 01:58:38.724001,AWS_001,-127.0,30.8,70.8,29.65,945.6,corruption
2026-09-12 01:58:40.689862,AWS_001,-127.0,30.8,70.8,29.65,945.6,corruption
2026-09-12 01:58:42.701969,AWS_001,-127.0,30.8,70.9,29.65,945.6,corruption
2026-09-12 01:58:44.730165,AWS_001,-127.0,30.8,70.8,29.65,945.6,corruption
2026-09-12 01:58:46.759139,AWS_001,-127.0,30.8,70.9,29.65,945.59,corruption
2026-09-12 01:58:48.841693,AWS_001,-127.0,30.7,70.9,29.66,945.6,corruption
2026-09-12 01:58:50.797728,AWS_001,-127.0,30.8,71.0,29.67,945.59,corruption
2026-09-12 01:58:52.835579,AWS_001,-127.0,30.7,71.0,29.68,945.59,corruption
2026-09-12 01:58:54.858023,AWS_001,-127.0,30.7,71.1,29.68,945.59,corruption
2026-09-12 01:58:56.884435,AWS_001,-127.0,30.8,71.0,29.7,945.59,corruption
2026-09-12 01:58:58.913235,AWS_001,28.87,30.7,71.0,29.7,945.59,normal
2026-09-12 01:59:00.923517,AWS_001,-127.0,30.8,71.0,29.71,945.59,corruption
2026-09-12 01:59:02.971267,AWS_001,-127.0,30.8,71.0,29.72,945.59,corruption
2026-09-12 01:59:04.996809,AWS_001,-127.0,30.7,71.1,29.73,945.59,corruption
2026-09-12 01:59:06.991251,AWS_001,-127.0,30.7,71.0,29.73,945.59,corruption
2026-09-12 01:59:08.994045,AWS_001,-127.0,30.7,71.0,29.74,945.59,corruption
2026-09-12 01:59:11.023303,AWS_001,-127.0,30.7,71.1,29.74,945.59,corruption
2026-09-12 01:59:13.018359,AWS_001,-127.0,30.7,71.1,29.74,945.58,corruption
2026-09-12 01:59:15.048551,AWS_001,-127.0,30.7,71.0,29.73,945.58,corruption
2026-09-12 01:59:17.055619,AWS_001,-127.0,30.7,71.2,29.72,945.59,corruption
2026-09-12 01:59:19.084746,AWS_001,-127.0,30.6,71.2,29.71,945.59,corruption
2026-09-12 01:59:21.129917,AWS_001,-127.0,30.6,71.2,29.7,945.59,corruption
2026-09-12 01:59:23.142956,AWS_001,-127.0,30.7,71.2,29.69,945.59,corruption
2026-09-12 01:59:25.172281,AWS_001,28.87,30.6,71.2,29.67,945.59,normal
2026-09-12 01:59:27.181842,AWS_001,-127.0,30.6,71.4,29.66,945.59,corruption
2026-09-12 01:59:29.225733,AWS_001,-127.0,30.6,71.4,29.65,945.59,corruption
2026-09-12 01:59:31.288147,AWS_001,-127.0,30.6,71.6,29.64,945.59,corruption
2026-09-12 01:59:33.269350,AWS_001,-127.0,30.6,71.7,29.63,945.59,corruption
2026-09-12 01:59:35.329946,AWS_001,-127.0,30.5,71.6,29.63,945.59,corruption
2026-09-12 01:59:37.315732,AWS_001,-127.0,30.5,71.7,29.62,945.59,corruption
2026-09-12 01:59:39.335425,AWS_001,-127.0,30.5,71.7,29.61,945.59,corruption
2026-09-12 01:59:41.371684,AWS_001,-127.0,30.5,71.7,29.61,945.58,corruption
2026-09-12 01:59:43.374410,AWS_001,-127.0,30.5,71.8,29.61,945.58,corruption
2026-09-12 01:59:45.411129,AWS_001,-127.0,30.5,71.8,29.61,945.58,corruption
2026-09-12 01:59:47.442087,AWS_001,-127.0,30.5,71.7,29.61,945.58,corruption
2026-09-12 01:59:49.466696,AWS_001,-127.0,30.4,71.9,29.61,945.58,corruption
2026-09-12 01:59:51.472287,AWS_001,-127.0,30.4,71.8,29.61,945.58,corruption
2026-09-12 01:59:53.646874,AWS_001,-127.0,30.4,71.9,29.61,945.59,corruption
2026-09-12 01:59:55.529777,AWS_001,-127.0,30.4,71.8,29.61,945.59,corruption
2026-09-12 01:59:57.523231,AWS_001,-127.0,30.4,71.8,29.62,945.59,corruption
2026-09-12 01:59:59.552808,AWS_001,28.87,30.4,72.1,29.62,945.59,normal
2026-09-12 02:00:01.563891,AWS_001,-127.0,30.3,72.1,29.61,945.59,corruption
2026-09-12 02:00:03.593122,AWS_001,-127.0,30.3,72.2,29.61,945.59,corruption
2026-09-12 02:00:05.621640,AWS_001,-127.0,30.3,72.2,29.6,945.59,corruption
2026-09-12 02:00:07.717465,AWS_001,-127.0,30.3,72.2,29.58,945.58,corruption
2026-09-12 02:00:09.659945,AWS_001,-127.0,30.3,72.3,29.55,945.57,corruption
2026-09-12 02:00:11.699968,AWS_001,-127.0,30.2,72.3,29.53,945.57,corruption
2026-09-12 02:00:13.718433,AWS_001,-127.0,30.3,72.4,29.51,945.57,corruption
2026-09-12 02:00:15.747527,AWS_001,-127.0,30.2,72.3,29.48,945.57,corruption
2026-09-12 02:00:17.756758,AWS_001,-127.0,30.3,72.4,29.46,945.57,corruption
2026-09-12 02:00:19.791979,AWS_001,-127.0,30.2,72.4,29.44,945.56,corruption
2026-09-12 02:00:21.821196,AWS_001,-127.0,30.2,72.4,29.43,945.56,corruption
2026-09-12 02:00:23.844490,AWS_001,-127.0,30.2,72.5,29.41,945.56,corruption
2026-09-12 02:00:25.873160,AWS_001,28.81,30.2,72.5,29.4,945.56,normal
2026-09-12 02:00:27.981750,AWS_001,28.81,30.2,72.5,29.38,945.56,normal
2026-09-12 02:00:29.930759,AWS_001,28.81,30.2,72.5,29.37,945.56,normal
2026-09-12 02:00:31.958989,AWS_001,28.81,30.2,72.4,29.36,945.56,normal
2026-09-12 02:00:33.970803,AWS_001,-127.0,30.2,72.5,29.36,945.56,corruption
2026-09-12 02:00:36.020742,AWS_001,-127.0,30.2,72.5,29.36,945.56,corruption
2026-09-12 02:00:38.035124,AWS_001,-127.0,30.1,72.5,29.35,945.55,corruption
2026-09-12 02:00:40.056286,AWS_001,-127.0,30.2,72.4,29.35,945.55,corruption
2026-09-12 02:00:42.067749,AWS_001,-127.0,30.2,72.5,29.33,945.55,corruption
2026-09-12 02:00:44.097557,AWS_001,-127.0,30.2,72.5,29.32,945.55,corruption
2026-09-12 02:00:46.125724,AWS_001,-127.0,30.2,72.4,29.3,945.55,corruption
2026-09-12 02:00:48.155598,AWS_001,-127.0,30.1,72.5,29.3,945.55,corruption
2026-09-12 02:00:50.170658,AWS_001,-127.0,30.2,72.6,29.29,945.55,corruption
2026-09-12 02:00:52.159102,AWS_001,-127.0,30.2,72.6,29.28,945.56,corruption
2026-09-12 02:00:54.189032,AWS_001,-127.0,30.2,72.6,29.28,945.55,corruption
2026-09-12 02:00:56.217044,AWS_001,-127.0,30.1,72.7,29.28,945.56,corruption
2026-09-12 02:00:58.227317,AWS_001,-127.0,30.1,72.5,29.27,945.56,corruption
2026-09-12 02:01:00.256806,AWS_001,-127.0,30.2,72.6,29.27,945.55,corruption
2026-09-12 02:01:02.286322,AWS_001,-127.0,30.2,72.6,29.26,945.55,corruption
2026-09-12 02:01:04.315791,AWS_001,-127.0,30.1,72.5,29.26,945.55,corruption
2026-09-12 02:01:06.325407,AWS_001,-127.0,30.2,72.6,29.26,945.55,corruption
2026-09-12 02:01:08.354051,AWS_001,-127.0,30.1,72.6,29.26,945.55,corruption
2026-09-12 02:01:10.383948,AWS_001,-127.0,30.2,72.6,29.26,945.55,corruption
2026-09-12 02:01:12.413047,AWS_001,-127.0,30.1,72.6,29.25,945.54,corruption
2026-09-12 02:01:14.412005,AWS_001,28.75,30.2,72.6,29.24,945.54,normal
2026-09-12 02:01:16.440526,AWS_001,28.81,30.2,72.4,29.23,945.54,normal
2026-09-12 02:01:18.469144,AWS_001,28.81,30.2,72.6,29.21,945.54,normal
2026-09-12 02:01:20.521679,AWS_001,28.75,30.2,72.5,29.18,945.54,normal
2026-09-12 02:01:22.527697,AWS_001,28.75,30.2,72.5,29.16,945.54,normal
2026-09-12 02:01:24.527314,AWS_001,28.75,30.2,72.6,29.13,945.53,normal
2026-09-12 02:01:26.555489,AWS_001,28.69,30.2,72.8,29.1,945.53,normal
2026-09-12 02:01:28.585521,AWS_001,28.69,30.1,72.8,29.08,945.53,normal
2026-09-12 02:01:30.584933,AWS_001,28.69,30.1,72.8,29.06,945.53,normal
2026-09-12 02:01:32.614524,AWS_001,28.62,30.1,72.9,29.05,945.53,normal
2026-09-12 02:01:34.643588,AWS_001,28.62,30.1,72.8,29.04,945.54,normal
2026-09-12 02:01:36.672413,AWS_001,28.62,30.2,72.9,29.03,945.54,normal
2026-09-12 02:01:38.701748,AWS_001,28.56,30.2,72.7,29.02,945.54,normal
2026-09-12 02:01:40.730394,AWS_001,28.62,30.2,72.7,29.01,945.54,normal
2026-09-12 02:01:42.763618,AWS_001,28.56,30.3,72.6,28.99,945.54,normal
2026-09-12 02:01:44.789058,AWS_001,28.56,30.3,72.3,28.97,945.54,normal
2026-09-12 02:01:46.835333,AWS_001,28.56,30.3,72.4,28.97,945.54,normal
2026-09-12 02:01:48.879930,AWS_001,28.5,30.4,72.4,28.97,945.54,normal
2026-09-12 02:01:50.877360,AWS_001,28.5,30.4,72.3,28.97,945.53,normal
2026-09-12 02:01:52.906521,AWS_001,28.5,30.4,72.3,28.97,945.53,normal
2026-09-12 02:01:54.934072,AWS_001,28.44,30.6,72.3,28.97,945.53,normal
2026-09-12 02:01:56.961642,AWS_001,28.44,30.6,72.3,28.96,945.53,normal
2026-09-12 02:01:58.989315,AWS_001,28.44,30.6,72.1,28.96,945.53,normal
2026-09-12 02:02:01.019848,AWS_001,28.44,30.6,71.8,28.96,945.53,normal
2026-09-12 02:02:03.051091,AWS_001,28.44,30.7,71.7,28.95,945.53,normal
2026-09-12 02:02:05.082752,AWS_001,28.37,30.7,71.5,28.94,945.53,normal
2026-09-12 02:02:07.114377,AWS_001,28.37,30.7,71.5,28.94,945.53,normal
2026-09-12 02:02:09.106248,AWS_001,28.37,30.7,71.4,28.93,945.53,normal
2026-09-12 02:02:11.140976,AWS_001,28.37,30.8,71.3,28.91,945.53,normal
2026-09-12 02:02:13.168343,AWS_001,28.31,30.8,71.3,28.9,945.53,normal
2026-09-12 02:02:15.201687,AWS_001,28.31,30.7,71.2,28.9,945.53,normal
2026-09-12 02:02:17.222648,AWS_001,28.31,30.8,71.1,28.89,945.54,normal
2026-09-12 02:02:19.224861,AWS_001,28.25,30.8,71.1,28.88,945.54,normal
2026-09-12 02:02:21.248882,AWS_001,28.25,30.8,71.0,28.87,945.54,normal
2026-09-12 02:02:23.281188,AWS_001,28.19,30.8,70.9,28.86,945.54,normal
2026-09-12 02:02:25.314409,AWS_001,28.19,30.8,70.9,28.85,945.53,normal
2026-09-12 02:02:27.339290,AWS_001,28.19,30.8,71.0,28.84,945.53,normal
2026-09-12 02:02:29.380869,AWS_001,28.19,30.8,70.8,28.83,945.52,normal
2026-09-12 02:02:31.404560,AWS_001,28.12,30.9,70.8,28.81,945.52,normal
2026-09-12 02:02:33.431724,AWS_001,28.12,30.9,70.9,28.8,945.52,normal
2026-09-12 02:02:35.419759,AWS_001,28.12,30.9,70.9,28.8,945.53,normal
2026-09-12 02:02:37.450527,AWS_001,28.06,30.9,70.6,28.79,945.53,normal
2026-09-12 02:02:39.478317,AWS_001,28.06,30.8,70.7,28.77,945.52,normal
2026-09-12 02:02:41.507420,AWS_001,28.06,30.9,70.7,28.76,945.52,normal
2026-09-12 02:02:43.558142,AWS_001,28.0,30.9,70.7,28.75,945.52,normal
2026-09-12 02:02:45.563092,AWS_001,28.0,30.9,70.6,28.74,945.52,normal
2026-09-12 02:02:47.597135,AWS_001,28.0,30.9,70.7,28.73,945.52,normal
2026-09-12 02:02:49.624061,AWS_001,28.0,30.9,70.6,28.71,945.52,normal
2026-09-12 02:02:51.730396,AWS_001,27.94,30.9,70.7,28.7,945.52,normal
2026-09-12 02:02:53.693068,AWS_001,27.94,30.9,70.6,28.69,945.52,normal
2026-09-12 02:02:55.710178,AWS_001,27.94,30.9,70.6,28.68,945.52,normal
2026-09-12 02:02:57.780836,AWS_001,27.94,30.9,70.5,28.67,945.52,normal
2026-09-12 02:02:59.765905,AWS_001,27.87,30.9,70.5,28.66,945.52,normal
2026-09-12 02:03:01.796921,AWS_001,27.87,30.9,70.6,28.66,945.52,normal
2026-09-12 02:03:03.830146,AWS_001,27.87,30.9,70.5,28.65,945.52,normal
2026-09-12 02:03:05.850397,AWS_001,27.87,30.9,70.6,28.64,945.52,normal
2026-09-12 02:03:07.880076,AWS_001,27.87,30.9,70.6,28.64,945.52,normal
2026-09-12 02:03:09.895798,AWS_001,27.87,30.9,70.5,28.64,945.52,normal
2026-09-12 02:03:11.912401,AWS_001,27.87,30.9,70.6,28.64,945.51,normal
2026-09-12 02:03:13.952426,AWS_001,27.87,30.9,70.5,28.64,945.52,normal
2026-09-12 02:03:15.977094,AWS_001,27.81,30.8,70.6,28.64,945.52,normal
2026-09-12 02:03:18.000190,AWS_001,27.81,30.9,70.6,28.64,945.52,normal
2026-09-12 02:03:20.002467,AWS_001,27.81,30.9,70.6,28.65,945.52,normal
2026-09-12 02:03:22.032042,AWS_001,27.81,30.9,70.5,28.65,945.52,normal
2026-09-12 02:03:24.095007,AWS_001,27.75,30.9,70.5,28.65,945.51,normal
2026-09-12 02:03:26.057271,AWS_001,27.75,30.9,70.6,28.65,945.51,normal
2026-09-12 02:03:28.090670,AWS_001,27.75,30.8,70.7,28.65,945.51,normal
2026-09-12 02:03:30.115447,AWS_001,27.75,30.8,70.8,28.66,945.51,normal
2026-09-12 02:03:32.145890,AWS_001,27.75,30.9,70.7,28.66,945.5,normal
2026-09-12 02:03:34.174510,AWS_001,27.69,30.8,70.7,28.66,945.51,normal
2026-09-12 02:03:36.173893,AWS_001,27.69,30.8,70.7,28.66,945.51,normal
2026-09-12 02:03:38.206819,AWS_001,27.69,30.8,70.8,28.66,945.51,normal
2026-09-12 02:03:40.230782,AWS_001,27.62,30.8,70.7,28.67,945.51,normal
2026-09-12 02:03:42.261694,AWS_001,27.62,30.8,70.8,28.67,945.51,normal
2026-09-12 02:03:44.317116,AWS_001,27.62,30.8,70.8,28.68,945.51,normal
2026-09-12 02:03:46.331911,AWS_001,27.62,30.8,70.8,28.68,945.51,normal
2026-09-12 02:03:48.448150,AWS_001,27.56,30.8,70.8,28.68,945.5,normal
2026-09-12 02:03:50.426148,AWS_001,27.56,30.8,70.8,28.68,945.5,normal
2026-09-12 02:03:52.447534,AWS_001,27.56,30.8,70.8,28.69,945.5,normal
2026-09-12 02:03:54.454307,AWS_001,27.5,30.8,70.9,28.69,945.5,normal
2026-09-12 02:03:56.784255,AWS_001,27.56,30.8,70.9,28.69,945.51,normal
2026-09-12 02:03:58.501118,AWS_001,27.56,30.8,70.8,28.69,945.5,normal
2026-09-12 02:04:00.671804,AWS_001,27.5,30.8,70.8,28.69,945.5,normal
2026-09-12 02:04:02.821481,AWS_001,27.56,30.9,70.8,28.69,945.5,normal
2026-09-12 02:04:04.591115,AWS_001,27.5,30.8,70.9,28.69,945.5,normal
2026-09-12 02:04:06.615889,AWS_001,27.5,30.9,70.8,28.69,945.5,normal
2026-09-12 02:04:08.653662,AWS_001,27.5,30.9,70.8,28.7,945.5,normal
2026-09-12 02:04:10.773833,AWS_001,27.5,30.9,70.8,28.69,945.49,normal
2026-09-12 02:04:12.703707,AWS_001,27.5,30.8,70.7,28.7,945.5,normal
2026-09-12 02:04:14.708177,AWS_001,27.5,30.8,70.7,28.7,945.5,normal
2026-09-12 02:04:16.731519,AWS_001,27.5,30.9,70.8,28.7,945.5,normal
2026-09-12 02:04:18.777180,AWS_001,27.5,30.9,70.7,28.71,945.5,normal
2026-09-12 02:04:20.819178,AWS_001,27.5,30.9,70.6,28.72,945.49,normal
2026-09-12 02:04:22.825461,AWS_001,27.5,30.9,70.7,28.73,945.49,normal
2026-09-12 02:04:24.928835,AWS_001,27.44,30.9,70.7,28.74,945.5,normal
2026-09-12 02:04:26.847092,AWS_001,27.44,30.9,70.7,28.76,945.49,normal
2026-09-12 02:04:28.913932,AWS_001,27.5,30.9,70.7,28.78,945.49,normal
2026-09-12 02:04:30.870831,AWS_001,27.44,30.9,70.6,28.79,945.49,normal
2026-09-12 02:04:32.925523,AWS_001,27.44,30.9,70.5,28.79,945.49,normal
2026-09-12 02:04:34.958059,AWS_001,27.44,30.9,70.5,28.79,945.49,normal
2026-09-12 02:04:36.961674,AWS_001,27.44,30.9,70.4,28.8,945.49,normal
2026-09-12 02:04:38.987746,AWS_001,27.44,30.9,70.7,28.8,945.49,normal
2026-09-12 02:04:41.018270,AWS_001,27.44,31.0,70.5,28.79,945.48,normal
2026-09-12 02:04:43.042884,AWS_001,27.44,31.0,70.4,28.79,945.48,normal
2026-09-12 02:04:45.072336,AWS_001,27.37,31.0,70.5,28.79,945.49,normal
2026-09-12 02:04:47.144045,AWS_001,27.44,31.0,70.5,28.78,945.49,normal
2026-09-12 02:04:49.133169,AWS_001,27.56,30.9,70.6,28.77,945.48,normal
2026-09-12 02:04:51.162782,AWS_001,27.69,31.0,70.7,28.77,945.48,normal
2026-09-12 02:04:53.193164,AWS_001,27.75,31.0,70.8,28.76,945.48,normal
2026-09-12 02:04:55.218412,AWS_001,27.87,31.0,70.8,28.75,945.48,normal
2026-09-12 02:04:57.245589,AWS_001,27.94,31.0,70.7,28.75,945.48,normal
2026-09-12 02:04:59.275101,AWS_001,28.06,31.0,70.6,28.74,945.48,normal
2026-09-12 02:05:01.341499,AWS_001,28.12,31.0,70.4,28.73,945.48,normal
2026-09-12 02:05:03.339525,AWS_001,28.19,31.0,70.6,28.72,945.48,normal
2026-09-12 02:05:05.364424,AWS_001,28.25,31.0,70.7,28.72,945.48,normal
2026-09-12 02:05:07.391705,AWS_001,28.37,31.0,70.5,28.71,945.48,normal
2026-09-12 02:05:09.387034,AWS_001,28.5,31.0,70.5,28.7,945.48,normal
2026-09-12 02:05:11.421662,AWS_001,28.5,31.0,70.5,28.69,945.48,normal
2026-09-12 02:05:13.450818,AWS_001,28.56,31.0,70.6,28.69,945.48,normal
2026-09-12 02:05:15.477457,AWS_001,28.69,31.0,70.7,28.68,945.48,normal
2026-09-12 02:05:17.507577,AWS_001,28.75,31.0,70.8,28.68,945.48,normal
2026-09-12 02:05:19.543354,AWS_001,28.81,30.9,70.9,28.67,945.47,normal
2026-09-12 02:05:21.569662,AWS_001,28.87,30.9,70.9,28.67,945.47,normal
2026-09-12 02:05:23.598431,AWS_001,28.87,30.8,71.0,28.67,945.47,normal
2026-09-12 02:05:25.731985,AWS_001,28.94,30.8,71.0,28.67,945.47,normal
2026-09-12 02:05:27.663716,AWS_001,29.06,30.8,71.3,28.67,945.46,normal
2026-09-12 02:05:29.689548,AWS_001,29.06,30.7,71.2,28.67,945.46,normal
2026-09-12 02:05:31.710089,AWS_001,29.12,30.7,71.6,28.67,945.46,normal
2026-09-12 02:05:33.742299,AWS_001,29.12,30.7,71.7,28.67,945.46,normal
2026-09-12 02:05:35.773723,AWS_001,29.19,30.6,71.8,28.68,945.46,normal
2026-09-12 02:05:37.795935,AWS_001,29.25,30.6,72.0,28.68,945.46,normal
2026-09-12 02:05:39.825029,AWS_001,29.31,30.6,72.1,28.68,945.46,normal
2026-09-12 02:05:41.863447,AWS_001,29.31,30.5,71.9,28.68,945.46,normal
2026-09-12 02:05:43.883771,AWS_001,29.37,30.5,72.0,28.68,945.46,normal
2026-09-12 02:05:45.975093,AWS_001,29.37,30.5,72.2,28.69,945.46,normal
2026-09-12 02:05:47.954783,AWS_001,29.37,30.4,72.3,28.69,945.46,normal
2026-09-12 02:05:49.974976,AWS_001,29.44,30.3,72.3,28.7,945.46,normal
2026-09-12 02:05:52.020959,AWS_001,29.44,30.3,72.5,28.7,945.46,normal
2026-09-12 02:05:54.064503,AWS_001,29.44,30.2,72.7,28.71,945.46,normal
2026-09-12 02:05:56.110467,AWS_001,29.5,30.1,72.7,28.71,945.46,normal
2026-09-12 02:05:58.107493,AWS_001,29.5,30.0,72.8,28.71,945.45,normal
2026-09-12 02:06:00.139518,AWS_001,29.5,30.0,72.9,28.72,945.45,normal
2026-09-12 02:06:02.153454,AWS_001,29.5,30.0,72.7,28.72,945.45,normal
2026-09-12 02:06:04.187936,AWS_001,29.5,30.0,72.6,28.72,945.45,normal
2026-09-12 02:06:06.226809,AWS_001,29.5,30.0,72.9,28.72,945.45,normal
2026-09-12 02:06:08.329512,AWS_001,29.5,30.0,73.1,28.72,945.45,normal
2026-09-12 02:06:10.268705,AWS_001,29.5,29.9,73.2,28.72,945.45,normal
2026-09-12 02:06:12.382498,AWS_001,29.5,29.9,73.3,28.72,945.45,normal
2026-09-12 02:06:14.473229,AWS_001,29.5,29.8,73.5,28.72,945.45,normal
2026-09-12 02:06:16.784819,AWS_001,29.5,29.8,73.5,28.72,945.45,normal
2026-09-12 02:06:18.382554,AWS_001,29.5,29.7,73.5,28.72,945.45,normal
2026-09-12 02:06:20.431584,AWS_001,29.44,29.7,73.7,28.71,945.44,normal
2026-09-12 02:06:22.513215,AWS_001,29.44,29.7,73.9,28.71,945.44,normal
2026-09-12 02:06:24.476220,AWS_001,29.44,29.6,73.9,28.7,945.44,normal
2026-09-12 02:06:26.490659,AWS_001,29.44,29.6,74.1,28.7,945.44,normal
2026-09-12 02:06:28.521078,AWS_001,29.44,29.6,74.2,28.69,945.44,normal
2026-09-12 02:06:30.552967,AWS_001,29.44,29.6,74.1,28.68,945.44,normal
2026-09-12 02:06:32.589527,AWS_001,29.44,29.5,74.3,28.68,945.44,normal
2026-09-12 02:06:34.616155,AWS_001,29.44,29.5,74.4,28.67,945.44,normal
2026-09-12 02:06:36.636728,AWS_001,29.5,29.5,74.6,28.67,945.44,normal
2026-09-12 02:06:38.668723,AWS_001,29.56,29.4,74.6,28.66,945.44,normal
2026-09-12 02:06:40.695984,AWS_001,29.56,29.5,74.7,28.66,945.44,normal
2026-09-12 02:06:42.927257,AWS_001,29.56,29.4,74.8,28.66,945.44,normal
2026-09-12 02:06:44.761779,AWS_001,29.5,29.4,74.9,28.65,945.44,normal
2026-09-12 02:06:46.839297,AWS_001,29.5,29.4,75.0,28.65,945.44,normal
2026-09-12 02:06:48.814666,AWS_001,29.44,29.3,75.0,28.64,945.44,normal
2026-09-12 02:06:50.936324,AWS_001,29.44,29.3,75.1,28.64,945.44,normal
2026-09-12 02:06:53.052647,AWS_001,29.37,29.2,75.3,28.64,945.44,normal
2026-09-12 02:06:55.419585,AWS_001,29.37,29.2,75.2,28.63,945.43,normal
2026-09-12 02:06:57.555234,AWS_001,29.37,29.2,75.3,28.63,945.43,normal
2026-09-12 02:06:59.224528,AWS_001,29.31,29.2,75.3,28.63,945.43,normal
2026-09-12 02:07:01.005336,AWS_001,29.25,29.2,75.5,28.63,945.43,normal
2026-09-12 02:07:03.489086,AWS_001,29.25,29.1,75.7,28.63,945.44,normal
2026-09-12 02:07:05.052287,AWS_001,29.25,29.1,75.8,28.63,945.44,normal
2026-09-12 02:07:07.233439,AWS_001,29.19,29.1,76.0,28.63,945.44,normal
2026-09-12 02:07:09.101443,AWS_001,29.19,29.1,75.9,28.62,945.44,normal
2026-09-12 02:07:11.258457,AWS_001,29.12,29.1,75.8,28.62,945.44,normal
2026-09-12 02:07:13.174266,AWS_001,29.12,29.1,76.0,28.62,945.43,normal
2026-09-12 02:07:15.198620,AWS_001,29.06,29.0,76.0,28.62,945.43,normal
2026-09-12 02:07:17.219382,AWS_001,29.06,29.0,76.2,28.62,945.43,normal
2026-09-12 02:07:19.254162,AWS_001,29.06,29.0,76.2,28.62,945.43,normal
2026-09-12 02:07:21.289410,AWS_001,29.06,29.0,76.3,28.61,945.44,normal
2026-09-12 02:07:23.314852,AWS_001,29.0,29.0,76.3,28.61,945.44,normal
2026-09-12 02:07:25.753541,AWS_001,29.0,28.9,76.6,28.61,945.44,normal
2026-09-12 02:07:27.373714,AWS_001,29.0,28.9,76.6,28.61,945.43,normal
2026-09-12 02:07:29.820386,AWS_001,28.94,28.9,76.8,28.61,945.44,normal
2026-09-12 02:07:31.432745,AWS_001,28.94,28.9,76.8,28.62,945.44,normal
2026-09-12 02:07:33.716196,AWS_001,28.87,28.9,76.8,28.62,945.44,normal
2026-09-12 02:07:35.482568,AWS_001,28.87,28.9,76.8,28.62,945.44,normal
2026-09-12 02:07:38.005745,AWS_001,28.87,28.9,76.9,28.62,945.44,normal
2026-09-12 02:07:39.674062,AWS_001,28.87,28.8,77.0,28.62,945.44,normal
2026-09-12 02:07:41.571679,AWS_001,28.87,28.8,77.1,28.61,945.44,normal
2026-09-12 02:07:43.596132,AWS_001,28.81,28.8,77.1,28.61,945.44,normal
2026-09-12 02:07:45.926690,AWS_001,28.81,28.8,77.2,28.61,945.44,normal
2026-09-12 02:07:47.664924,AWS_001,28.81,28.8,77.2,28.61,945.44,normal
2026-09-12 02:07:50.154977,AWS_001,28.81,28.8,77.4,28.61,945.43,normal
2026-09-12 02:07:51.714101,AWS_001,28.81,28.8,77.5,28.61,945.43,normal
2026-09-12 02:07:53.751499,AWS_001,28.81,28.8,77.5,28.61,945.43,normal
2026-09-12 02:07:55.787790,AWS_001,28.81,28.8,77.6,28.6,945.43,normal
2026-09-12 02:07:57.818275,AWS_001,28.75,28.7,77.6,28.6,945.43,normal
2026-09-12 02:07:59.919352,AWS_001,28.75,28.8,77.6,28.6,945.43,normal
2026-09-12 02:08:01.855499,AWS_001,28.75,28.7,77.5,28.6,945.43,normal
2026-09-12 02:08:03.896243,AWS_001,28.69,28.7,77.6,28.6,945.43,normal
2026-09-12 02:08:06.005000,AWS_001,28.75,28.7,77.6,28.6,945.43,normal
2026-09-12 02:08:08.353958,AWS_001,28.69,28.7,77.8,28.59,945.43,normal
2026-09-12 02:08:10.080078,AWS_001,28.69,28.7,77.8,28.59,945.43,normal
2026-09-12 02:08:12.534521,AWS_001,28.69,28.7,77.8,28.59,945.42,normal
2026-09-12 02:08:14.030816,AWS_001,28.62,28.7,77.9,28.59,945.42,normal
2026-09-12 02:08:16.065090,AWS_001,28.69,28.7,77.9,28.58,945.42,normal
2026-09-12 02:08:18.106054,AWS_001,28.62,28.7,77.8,28.58,945.41,normal
2026-09-12 02:08:20.652863,AWS_001,28.62,28.7,77.9,28.58,945.41,normal
2026-09-12 02:08:22.151595,AWS_001,28.62,28.6,77.9,28.58,945.41,normal
2026-09-12 02:08:24.232509,AWS_001,28.62,28.6,77.9,28.58,945.41,normal
2026-09-12 02:08:26.213053,AWS_001,28.56,28.6,77.9,28.57,945.41,normal
2026-09-12 02:08:28.565762,AWS_001,28.56,28.6,77.9,28.57,945.41,normal
2026-09-12 02:08:30.286527,AWS_001,28.56,28.6,77.9,28.56,945.41,normal
2026-09-12 02:08:32.752316,AWS_001,28.5,28.6,78.1,28.55,945.41,normal
2026-09-12 02:08:34.344234,AWS_001,28.5,28.6,78.0,28.54,945.41,normal
2026-09-12 02:08:36.694211,AWS_001,28.44,28.6,78.0,28.53,945.41,normal
2026-09-12 02:08:38.374067,AWS_001,28.44,28.6,78.1,28.52,945.41,normal
2026-09-12 02:08:40.535542,AWS_001,28.37,28.6,78.1,28.51,945.41,normal
2026-09-12 02:08:42.459795,AWS_001,28.37,28.6,78.2,28.5,945.41,normal
2026-09-12 02:08:44.897601,AWS_001,28.37,28.5,78.1,28.49,945.41,normal
2026-09-12 02:08:46.498715,AWS_001,28.31,28.5,78.1,28.48,945.42,normal
2026-09-12 02:08:48.797985,AWS_001,28.25,28.5,78.3,28.48,945.41,normal
2026-09-12 02:08:50.566000,AWS_001,28.25,28.5,78.2,28.47,945.41,normal
2026-09-12 02:08:53.150460,AWS_001,28.25,28.5,78.3,28.47,945.41,normal
2026-09-12 02:08:54.632593,AWS_001,28.19,28.5,78.4,28.47,945.4,normal
2026-09-12 02:08:56.696645,AWS_001,28.19,28.4,78.3,28.47,945.4,normal
2026-09-12 02:08:58.701003,AWS_001,28.12,28.4,78.3,28.47,945.4,normal
2026-09-12 02:09:00.802203,AWS_001,28.12,28.4,78.4,28.47,945.4,normal
2026-09-12 02:09:02.993265,AWS_001,28.12,28.4,78.3,28.47,945.4,normal
2026-09-12 02:09:05.297519,AWS_001,28.06,28.4,78.6,28.47,945.4,normal
2026-09-12 02:09:06.814174,AWS_001,28.06,28.4,78.5,28.46,945.4,normal
2026-09-12 02:09:08.969832,AWS_001,28.06,28.4,78.6,28.46,945.39,normal
2026-09-12 02:09:10.865888,AWS_001,28.0,28.4,78.7,28.46,945.4,normal
2026-09-12 02:09:13.267646,AWS_001,28.0,28.4,78.8,28.46,945.4,normal
2026-09-12 02:09:14.920504,AWS_001,28.0,28.4,78.9,28.46,945.4,normal
2026-09-12 02:09:16.999424,AWS_001,28.0,28.3,78.9,28.46,945.4,normal
2026-09-12 02:09:18.962972,AWS_001,28.0,28.3,78.8,28.45,945.4,normal
2026-09-12 02:09:20.981437,AWS_001,27.94,28.3,79.0,28.45,945.4,normal
2026-09-12 02:09:23.033039,AWS_001,27.94,28.3,79.0,28.45,945.4,normal
2026-09-12 02:09:25.050519,AWS_001,27.87,28.3,78.9,28.45,945.4,normal
2026-09-12 02:09:27.342873,AWS_001,27.87,28.3,79.0,28.44,945.4,normal
2026-09-12 02:09:29.143589,AWS_001,27.87,28.3,79.0,28.44,945.4,normal
2026-09-12 02:09:31.129604,AWS_001,27.87,28.3,79.1,28.44,945.4,normal
2026-09-12 02:09:33.158154,AWS_001,27.81,28.3,79.0,28.44,945.39,normal
2026-09-12 02:09:35.250451,AWS_001,27.81,28.3,79.2,28.44,945.39,normal
2026-09-12 02:09:37.321510,AWS_001,27.81,28.3,79.2,28.43,945.39,normal
2026-09-12 02:09:39.550514,AWS_001,27.81,28.2,79.2,28.43,945.39,normal
2026-09-12 02:09:41.281263,AWS_001,27.81,28.2,79.3,28.43,945.39,normal
2026-09-12 02:09:43.510348,AWS_001,27.81,28.2,79.2,28.42,945.39,normal
2026-09-12 02:09:45.345129,AWS_001,27.75,28.2,79.3,28.42,945.39,normal
2026-09-12 02:09:47.368977,AWS_001,27.75,28.2,79.4,28.41,945.39,normal
2026-09-12 02:09:49.413146,AWS_001,27.75,28.2,79.4,28.41,945.4,normal
2026-09-12 02:09:51.431443,AWS_001,27.69,28.2,79.5,28.41,945.4,normal
2026-09-12 02:09:53.455058,AWS_001,27.75,28.2,79.4,28.4,945.41,normal
2026-09-12 02:09:55.496330,AWS_001,27.69,28.2,79.5,28.4,945.41,normal
2026-09-12 02:09:57.512723,AWS_001,27.69,28.2,79.5,28.4,945.41,normal
2026-09-12 02:09:59.548829,AWS_001,27.69,28.2,79.5,28.39,945.41,normal
2026-09-12 02:10:02.044066,AWS_001,27.69,28.2,79.5,28.39,945.42,normal
2026-09-12 02:10:03.609745,AWS_001,27.69,28.2,79.6,28.39,945.42,normal
2026-09-12 02:10:05.656682,AWS_001,27.69,28.1,79.6,28.39,945.42,normal
2026-09-12 02:10:07.665557,AWS_001,27.69,28.2,79.7,28.38,945.42,normal
2026-09-12 02:10:10.047213,AWS_001,27.69,28.2,79.7,28.38,945.42,normal
2026-09-12 02:10:11.681130,AWS_001,27.62,28.1,79.7,28.37,945.42,normal
2026-09-12 02:10:13.910629,AWS_001,27.69,28.1,79.8,28.37,945.42,normal
2026-09-12 02:10:15.769357,AWS_001,27.62,28.1,79.7,28.37,945.42,normal
2026-09-12 02:10:18.227931,AWS_001,27.62,28.1,79.7,28.37,945.42,normal
2026-09-12 02:10:19.838903,AWS_001,27.62,28.1,79.8,28.36,945.42,normal
2026-09-12 02:10:21.868147,AWS_001,27.62,28.1,79.9,28.36,945.42,normal
2026-09-12 02:10:23.865327,AWS_001,27.62,28.1,79.8,28.36,945.42,normal
2026-09-12 02:10:25.921163,AWS_001,27.62,28.1,79.9,28.36,945.43,normal
2026-09-12 02:10:27.933710,AWS_001,27.56,28.1,79.8,28.36,945.42,normal
2026-09-12 02:10:29.978349,AWS_001,27.56,28.1,79.8,28.36,945.43,normal
2026-09-12 02:10:31.989441,AWS_001,27.56,28.1,80.0,28.35,945.42,normal
2026-09-12 02:10:33.999428,AWS_001,27.56,28.1,79.9,28.35,945.42,normal
2026-09-12 02:10:36.068448,AWS_001,27.56,28.1,79.8,28.35,945.42,normal
2026-09-12 02:10:38.062834,AWS_001,27.5,28.1,79.9,28.35,945.42,normal
2026-09-12 02:10:40.488367,AWS_001,27.56,28.1,79.8,28.35,945.42,normal
2026-09-12 02:10:42.177953,AWS_001,27.56,28.0,80.0,28.35,945.42,normal
2026-09-12 02:10:44.281860,AWS_001,27.5,28.1,80.1,28.35,945.42,normal
2026-09-12 02:10:46.155881,AWS_001,27.5,28.1,79.9,28.35,945.42,normal
2026-09-12 02:10:48.560690,AWS_001,27.44,28.1,80.1,28.34,945.41,normal
2026-09-12 02:10:50.204917,AWS_001,27.44,28.1,79.9,28.34,945.41,normal
2026-09-12 02:10:52.307556,AWS_001,27.44,28.1,80.0,28.34,945.41,normal
2026-09-12 02:10:54.240157,AWS_001,27.44,28.1,80.1,28.34,945.41,normal
2026-09-12 02:10:56.277980,AWS_001,27.44,28.0,80.0,28.34,945.41,normal
2026-09-12 02:10:58.295203,AWS_001,27.37,28.0,80.1,28.34,945.41,normal
2026-09-12 02:11:00.313412,AWS_001,27.37,28.0,80.2,28.34,945.41,normal
2026-09-12 02:11:02.545675,AWS_001,27.44,28.0,80.1,28.34,945.41,normal
2026-09-12 02:11:04.376247,AWS_001,27.44,28.0,80.1,28.34,945.41,normal
2026-09-12 02:11:06.411957,AWS_001,27.44,28.0,80.0,28.34,945.41,normal
2026-09-12 02:11:08.396118,AWS_001,27.5,28.0,80.1,28.34,945.4,normal
2026-09-12 02:11:10.905713,AWS_001,27.44,28.0,80.1,28.34,945.41,normal
2026-09-12 02:11:12.554643,AWS_001,27.44,28.0,80.1,28.33,945.4,normal
2026-09-12 02:11:14.710990,AWS_001,27.37,28.0,80.1,28.33,945.4,normal
2026-09-12 02:11:16.478496,AWS_001,27.37,28.0,80.2,28.33,945.4,normal
2026-09-12 02:11:18.824943,AWS_001,27.37,28.0,80.1,28.33,945.39,normal
2026-09-12 02:11:20.543982,AWS_001,27.37,28.0,80.2,28.33,945.39,normal
2026-09-12 02:11:22.848047,AWS_001,27.37,28.0,80.0,28.33,945.39,normal
2026-09-12 02:11:24.583398,AWS_001,27.37,28.0,80.1,28.33,945.39,normal
2026-09-12 02:11:26.609685,AWS_001,27.37,28.0,80.3,28.33,945.39,normal
2026-09-12 02:11:28.644075,AWS_001,27.31,28.0,80.2,28.33,945.39,normal
2026-09-12 02:11:31.059483,AWS_001,27.31,28.0,80.4,28.33,945.39,normal
2026-09-12 02:11:32.694419,AWS_001,27.31,28.0,80.3,28.33,945.39,normal
2026-09-12 02:11:34.741641,AWS_001,27.31,28.0,80.2,28.32,945.39,normal
2026-09-12 02:11:36.757450,AWS_001,27.37,28.0,80.3,28.32,945.38,normal
2026-09-12 02:11:38.808364,AWS_001,27.31,28.0,80.3,28.32,945.38,normal
2026-09-12 02:11:40.831069,AWS_001,27.31,28.0,80.2,28.32,945.38,normal
2026-09-12 02:11:43.006221,AWS_001,27.31,28.0,80.2,28.31,945.38,normal
2026-09-12 02:11:44.875385,AWS_001,27.31,28.0,80.2,28.31,945.38,normal
2026-09-12 02:11:46.898883,AWS_001,27.31,28.0,80.2,28.31,945.38,normal
2026-09-12 02:11:49.373074,AWS_001,27.25,28.0,80.2,28.31,945.38,normal
2026-09-12 02:11:51.011524,AWS_001,27.25,28.0,80.3,28.31,945.38,normal
2026-09-12 02:11:53.308820,AWS_001,27.25,27.9,80.3,28.31,945.38,normal
2026-09-12 02:11:55.016800,AWS_001,27.31,28.0,80.5,28.31,945.38,normal
2026-09-12 02:11:57.257604,AWS_001,27.31,28.0,80.3,28.3,945.38,normal
2026-09-12 02:11:59.105414,AWS_001,27.25,27.9,80.4,28.3,945.38,normal
2026-09-12 02:12:03.129600,AWS_001,27.25,28.0,80.3,28.29,945.37,normal
2026-09-12 02:12:05.178066,AWS_001,27.25,28.0,80.4,28.29,945.38,normal
2026-09-12 02:12:07.165993,AWS_001,27.25,27.9,80.3,28.29,945.38,normal
2026-09-12 02:12:09.189727,AWS_001,27.25,28.0,80.5,28.29,945.38,normal
2026-09-12 02:12:11.192000,AWS_001,27.19,28.0,80.5,28.28,945.38,normal
2026-09-12 02:12:13.225629,AWS_001,27.19,28.0,80.3,28.28,945.38,normal
2026-09-12 02:12:15.257736,AWS_001,27.19,27.9,80.4,28.28,945.37,normal
2026-09-12 02:12:17.307340,AWS_001,27.25,27.9,80.4,28.27,945.37,normal
2026-09-12 02:12:19.628172,AWS_001,27.19,27.9,80.3,28.27,945.38,normal
2026-09-12 02:12:21.484012,AWS_001,27.19,27.9,80.4,28.27,945.38,normal
2026-09-12 02:12:23.526931,AWS_001,27.19,27.9,80.5,28.26,945.38,normal
2026-09-12 02:12:25.402201,AWS_001,27.19,27.9,80.4,28.26,945.38,normal
2026-09-12 02:12:27.940469,AWS_001,27.19,27.9,80.5,28.26,945.38,normal
2026-09-12 02:12:29.444443,AWS_001,27.19,28.0,80.6,28.26,945.38,normal
2026-09-12 02:12:31.673096,AWS_001,27.19,27.9,80.4,28.25,945.37,normal
2026-09-12 02:12:33.449804,AWS_001,27.19,27.9,80.4,28.25,945.37,normal
2026-09-12 02:12:35.626410,AWS_001,27.19,27.9,80.6,28.25,945.37,normal
2026-09-12 02:12:37.487071,AWS_001,27.19,27.9,80.5,28.25,945.37,normal
2026-09-12 02:12:39.535042,AWS_001,27.19,28.0,80.6,28.25,945.37,normal
2026-09-12 02:12:41.554026,AWS_001,27.19,27.9,80.5,28.25,945.37,normal
2026-09-12 02:12:43.558909,AWS_001,27.19,27.9,80.6,28.24,945.37,normal
2026-09-12 02:12:45.600304,AWS_001,27.19,27.9,80.5,28.24,945.37,normal
2026-09-12 02:18:21.057093,AWS_001,27.25,27.9,81.5,28.13,945.32,normal
2026-09-12 02:18:35.252375,AWS_001,27.69,28.2,80.0,28.34,945.29,normal
2026-09-12 02:18:37.286515,AWS_001,27.69,28.3,79.9,28.36,945.29,normal
2026-09-12 02:18:39.284684,AWS_001,27.69,28.4,79.8,28.39,945.29,normal
2026-09-12 02:18:41.311535,AWS_001,27.69,28.4,79.5,28.43,945.29,normal
2026-09-12 02:18:43.341941,AWS_001,27.69,28.4,79.2,28.48,945.29,normal
2026-09-12 02:18:57.523948,AWS_001,27.81,28.8,78.1,28.72,945.29,normal
2026-09-12 02:19:11.676085,AWS_001,27.87,29.1,76.8,28.89,945.28,normal
2026-09-12 02:19:13.701810,AWS_001,27.87,29.2,76.5,28.9,945.28,normal
2026-09-12 02:19:15.741053,AWS_001,27.87,29.1,76.2,28.91,945.28,normal
2026-09-12 02:19:17.764499,AWS_001,27.87,29.2,76.2,28.92,945.28,normal
2026-09-12 02:19:19.791362,AWS_001,27.87,29.2,76.1,28.94,945.28,normal
2026-09-12 02:19:21.817470,AWS_001,27.87,29.3,75.9,28.95,945.28,normal
2026-09-12 02:19:23.818619,AWS_001,27.94,29.4,75.8,28.97,945.28,normal
2026-09-12 02:19:25.847992,AWS_001,27.94,29.4,75.6,28.98,945.28,normal
2026-09-12 02:19:27.876401,AWS_001,27.94,29.4,75.4,28.99,945.28,normal
2026-09-12 02:19:29.904671,AWS_001,27.94,29.4,75.3,28.99,945.28,normal
2026-09-12 02:19:31.986496,AWS_001,27.94,29.5,75.3,28.99,945.28,normal
2026-09-12 02:19:33.982024,AWS_001,27.94,29.5,75.1,28.99,945.27,normal
2026-09-12 02:19:36.014491,AWS_001,27.94,29.6,75.0,28.99,945.28,normal
2026-09-12 02:19:38.157342,AWS_001,27.94,29.6,74.8,28.99,945.28,normal
2026-09-12 02:19:40.071338,AWS_001,27.94,29.6,74.7,28.99,945.27,normal
2026-09-12 02:19:42.152829,AWS_001,27.94,29.7,74.6,28.99,945.28,normal
2026-09-12 02:20:08.419639,AWS_001,28.0,30.1,73.6,29.06,945.27,normal
2026-09-12 02:20:22.601881,AWS_001,28.06,30.4,72.8,29.12,945.27,normal
2026-09-12 02:20:24.662289,AWS_001,28.06,30.4,72.9,29.13,945.27,normal
2026-09-12 02:20:38.902694,AWS_001,28.06,30.6,72.3,29.2,945.27,normal
2026-09-12 02:20:40.865667,AWS_001,28.06,30.6,72.2,29.2,945.27,normal
2026-09-12 02:20:43.490080,AWS_001,28.12,30.6,72.0,29.21,945.28,normal
2026-09-12 02:20:44.912101,AWS_001,28.12,30.6,71.9,29.21,945.28,normal
2026-09-12 02:20:47.265459,AWS_001,28.12,30.6,71.8,29.22,945.28,normal
2026-09-12 02:20:48.958010,AWS_001,28.12,30.6,71.7,29.22,945.28,normal
2026-09-12 02:20:51.001102,AWS_001,28.12,30.7,71.8,29.22,945.28,normal
2026-09-12 02:20:53.026960,AWS_001,28.12,30.7,71.7,29.22,945.28,normal
2026-09-12 02:20:55.060770,AWS_001,28.12,30.7,71.7,29.23,945.28,normal
2026-09-12 02:20:57.110936,AWS_001,28.12,30.7,71.6,29.24,945.28,normal
2026-09-12 02:20:59.116754,AWS_001,28.12,30.7,71.6,29.24,945.28,normal
2026-09-12 02:21:01.133971,AWS_001,28.12,30.8,71.4,29.25,945.28,normal
2026-09-12 02:21:03.163253,AWS_001,28.12,30.8,71.5,29.25,945.27,normal
2026-09-12 02:21:05.198453,AWS_001,28.12,30.8,71.4,29.25,945.28,normal
2026-09-12 02:27:15.540712,AWS_001,27.56,28.8,77.3,28.67,945.2,normal
2026-09-12 02:27:17.564514,AWS_001,27.56,28.7,77.3,28.67,945.2,normal
2026-09-12 02:27:19.566942,AWS_001,,28.7,77.3,28.68,945.21,data_loss
2026-09-12 02:27:21.600274,AWS_001,,28.7,77.4,28.69,945.21,data_loss
2026-09-12 02:27:23.631225,AWS_001,,28.7,77.5,28.71,945.21,data_loss
2026-09-12 02:27:25.655071,AWS_001,,28.7,77.4,28.72,945.21,data_loss
2026-09-12 02:27:27.684734,AWS_001,,28.7,77.4,28.74,945.21,data_loss
2026-09-12 02:27:29.714610,AWS_001,,28.7,77.4,28.76,945.2,data_loss
2026-09-12 02:27:31.722745,AWS_001,,28.7,77.5,28.77,945.2,data_loss
2026-09-12 02:27:33.750305,AWS_001,,28.7,77.4,28.79,945.2,data_loss
2026-09-12 02:27:35.799566,AWS_001,,28.7,77.5,28.81,945.19,data_loss
2026-09-12 02:27:37.811276,AWS_001,,28.7,77.6,28.83,945.19,data_loss
2026-09-12 02:27:39.876186,AWS_001,,28.7,77.7,28.85,945.19,data_loss
2026-09-12 02:27:41.873496,AWS_001,,28.7,77.6,28.87,945.18,data_loss
2026-09-12 02:27:43.895474,AWS_001,27.56,28.7,77.5,28.88,945.18,normal
2026-09-12 02:27:45.906809,AWS_001,,28.7,77.5,28.9,945.18,data_loss
2026-09-12 02:27:47.982785,AWS_001,,28.7,77.5,28.91,945.19,data_loss
2026-09-12 02:27:49.963054,AWS_001,,28.7,77.5,28.92,945.19,data_loss
2026-09-12 02:27:52.074250,AWS_001,,28.7,77.6,28.93,945.18,data_loss
2026-09-12 02:27:54.033970,AWS_001,,28.7,77.5,28.94,945.19,data_loss
2026-09-12 02:27:56.049967,AWS_001,,28.7,77.6,28.95,945.19,data_loss
2026-09-12 02:27:58.082086,AWS_001,27.56,28.7,77.5,28.96,945.19,normal
2026-09-12 02:28:00.128364,AWS_001,27.56,28.7,77.5,28.96,945.19,normal
2026-09-12 02:28:02.148256,AWS_001,,28.7,77.4,28.96,945.19,data_loss
2026-09-12 02:28:04.146610,AWS_001,,28.7,77.5,28.97,945.19,data_loss
2026-09-12 02:28:06.176108,AWS_001,,28.7,77.5,28.97,945.19,data_loss
2026-09-12 02:28:08.205604,AWS_001,,28.7,77.5,28.97,945.18,data_loss
2026-09-12 02:28:10.232573,AWS_001,,28.7,77.6,28.97,945.18,data_loss
2026-09-12 02:28:12.292419,AWS_001,,28.8,77.4,28.98,945.18,data_loss
2026-09-12 02:28:14.357492,AWS_001,,28.7,77.4,28.98,945.19,data_loss
2026-09-12 02:28:16.298020,AWS_001,,28.7,77.4,28.98,945.19,data_loss
2026-09-12 02:28:18.474901,AWS_001,,28.7,77.4,28.98,945.18,data_loss
2026-09-12 02:28:20.380907,AWS_001,,28.7,77.3,28.99,945.19,data_loss
2026-09-12 02:28:22.393358,AWS_001,,28.8,77.3,28.99,945.18,data_loss
2026-09-12 02:28:24.445183,AWS_001,,28.8,77.3,28.99,945.19,data_loss
2026-09-12 02:28:26.457213,AWS_001,27.56,28.8,77.3,28.98,945.19,normal
2026-09-12 02:28:28.457253,AWS_001,,28.8,77.3,28.98,945.19,data_loss
2026-09-12 02:28:30.492851,AWS_001,,28.8,77.3,28.98,945.19,data_loss
2026-09-12 02:28:32.529813,AWS_001,,28.8,77.3,28.97,945.19,data_loss
2026-09-12 02:28:34.604832,AWS_001,,28.8,77.3,28.97,945.19,data_loss
2026-09-12 02:28:36.584030,AWS_001,,28.8,77.1,28.96,945.18,data_loss
2026-09-12 02:28:38.595974,AWS_001,27.5,28.8,77.0,28.95,945.18,normal
2026-09-12 02:28:40.606429,AWS_001,,28.8,77.2,28.94,945.19,data_loss
2026-09-12 02:28:42.627388,AWS_001,,28.8,77.0,28.93,945.19,data_loss
2026-09-12 02:28:44.637994,AWS_001,,28.8,77.1,28.92,945.18,data_loss
2026-09-12 02:28:46.910969,AWS_001,,28.8,77.0,28.91,945.18,data_loss
2026-09-12 02:28:48.884353,AWS_001,,28.8,77.1,28.9,945.18,data_loss
2026-09-12 02:28:50.777928,AWS_001,,28.8,77.1,28.89,945.18,data_loss
2026-09-12 02:28:52.830029,AWS_001,,28.9,76.9,28.88,945.19,data_loss
2026-09-12 02:28:54.769950,AWS_001,,28.9,76.9,28.87,945.18,data_loss
2026-09-12 02:28:56.857421,AWS_001,,28.8,77.0,28.86,945.18,data_loss
2026-09-12 02:28:58.842158,AWS_001,,28.9,77.0,28.85,945.18,data_loss
2026-09-12 02:29:01.095589,AWS_001,,28.9,76.9,28.85,945.18,data_loss
2026-09-12 02:29:02.880868,AWS_001,,28.9,76.8,28.85,945.18,data_loss
2026-09-12 02:29:04.907038,AWS_001,,28.9,76.9,28.85,945.18,data_loss
2026-09-12 02:29:06.926391,AWS_001,,28.9,76.8,28.84,945.18,data_loss
2026-09-12 02:29:08.977812,AWS_001,,28.9,76.9,28.84,945.18,data_loss
2026-09-12 02:29:10.980505,AWS_001,,28.9,76.6,28.83,945.18,data_loss
2026-09-12 02:29:13.029109,AWS_001,,28.9,76.8,28.82,945.18,data_loss
2026-09-12 02:29:15.035229,AWS_001,,28.9,76.7,28.81,945.18,data_loss
2026-09-12 02:29:17.068021,AWS_001,27.5,28.9,76.7,28.81,945.18,normal
2026-09-12 02:29:19.090584,AWS_001,,28.9,76.7,28.81,945.18,data_loss
2026-09-12 02:29:21.173398,AWS_001,,28.9,76.8,28.81,945.18,data_loss
2026-09-12 02:29:23.152449,AWS_001,,28.9,76.5,28.82,945.18,data_loss
2026-09-12 02:29:25.157462,AWS_001,,29.0,76.7,28.82,945.18,data_loss
2026-09-12 02:29:27.272698,AWS_001,,29.0,76.7,28.83,945.17,data_loss
2026-09-12 02:29:29.219539,AWS_001,,29.0,76.7,28.83,945.17,data_loss
2026-09-12 02:29:31.226939,AWS_001,,29.0,76.6,28.83,945.17,data_loss
2026-09-12 02:29:33.253783,AWS_001,,29.0,76.4,28.84,945.17,data_loss
2026-09-12 02:29:35.283586,AWS_001,,29.0,76.6,28.85,945.17,data_loss
2026-09-12 02:29:37.325568,AWS_001,,29.0,76.5,28.85,945.17,data_loss
2026-09-12 02:29:39.454923,AWS_001,,29.0,76.3,28.86,945.18,data_loss
2026-09-12 02:29:41.334974,AWS_001,27.5,29.0,76.3,28.87,945.18,normal
2026-09-12 02:29:43.345373,AWS_001,,29.0,76.4,28.88,945.18,data_loss
2026-09-12 02:29:45.373294,AWS_001,,29.0,76.5,28.89,945.18,data_loss
2026-09-12 02:29:47.409940,AWS_001,,29.0,76.3,28.9,945.18,data_loss
2026-09-12 02:29:49.431199,AWS_001,,29.0,76.3,28.91,945.18,data_loss
2026-09-12 02:29:51.655399,AWS_001,,29.0,76.3,28.92,945.19,data_loss
2026-09-12 02:29:53.489602,AWS_001,,29.0,76.3,28.93,945.19,data_loss
2026-09-12 02:29:55.534083,AWS_001,27.5,29.0,76.2,28.94,945.19,normal
2026-09-12 02:29:57.550491,AWS_001,27.5,29.0,76.3,28.95,945.19,normal
2026-09-12 02:29:59.577405,AWS_001,27.5,29.0,76.2,28.96,945.19,normal
2026-09-12 02:30:01.605425,AWS_001,27.5,29.0,76.4,28.97,945.19,normal
2026-09-12 02:30:03.644347,AWS_001,27.5,29.0,76.2,28.97,945.19,normal
2026-09-12 02:30:05.666986,AWS_001,27.5,29.0,76.1,28.97,945.19,normal
2026-09-12 02:30:07.692256,AWS_001,27.5,29.0,76.2,28.97,945.18,normal
2026-09-12 02:30:09.725101,AWS_001,27.5,29.0,76.2,28.97,945.18,normal
2026-09-12 02:30:11.758935,AWS_001,27.5,29.0,76.2,28.97,945.18,normal
2026-09-12 02:30:13.786124,AWS_001,27.5,29.0,76.3,28.97,945.18,normal
2026-09-12 02:30:15.806993,AWS_001,27.5,29.0,76.0,28.97,945.18,normal
2026-09-12 02:30:17.841881,AWS_001,27.5,29.0,76.2,28.97,945.19,normal
2026-09-12 02:30:19.868908,AWS_001,27.5,29.0,76.2,28.97,945.19,normal
2026-09-12 02:30:21.907757,AWS_001,27.5,29.0,76.2,28.97,945.19,normal
2026-09-12 02:30:23.929605,AWS_001,27.5,29.0,76.3,28.97,945.19,normal
2026-09-12 02:30:25.952941,AWS_001,27.56,29.0,76.2,28.98,945.19,normal
2026-09-12 02:30:27.982504,AWS_001,27.5,29.0,76.1,28.98,945.19,normal
2026-09-12 02:30:30.009990,AWS_001,27.5,29.0,76.2,28.99,945.18,normal
2026-09-12 02:30:32.057315,AWS_001,,29.0,76.1,29.0,945.18,data_loss
2026-09-12 02:30:34.085949,AWS_001,,29.0,76.3,29.0,945.18,data_loss
2026-09-12 02:30:36.112087,AWS_001,,29.0,76.2,29.0,945.18,data_loss
2026-09-12 02:30:38.143178,AWS_001,,29.0,76.3,29.0,945.18,data_loss
2026-09-12 02:30:40.170032,AWS_001,,29.1,76.3,29.01,945.18,data_loss
2026-09-12 02:30:42.203270,AWS_001,,29.0,76.1,29.01,945.18,data_loss
2026-09-12 02:30:44.225697,AWS_001,27.5,29.0,76.3,29.03,945.18,normal
2026-09-12 02:30:46.255402,AWS_001,,29.1,76.1,29.04,945.18,data_loss
2026-09-12 02:30:48.267314,AWS_001,,29.1,76.2,29.05,945.18,data_loss
2026-09-12 02:30:50.300013,AWS_001,,29.1,76.1,29.05,945.18,data_loss
2026-09-12 02:30:52.322740,AWS_001,,29.0,76.0,29.05,945.18,data_loss
2026-09-12 02:30:54.358020,AWS_001,,29.1,76.0,29.06,945.18,data_loss
2026-09-12 02:30:56.388091,AWS_001,,29.1,76.1,29.05,945.18,data_loss
2026-09-12 02:30:58.655280,AWS_001,27.5,29.1,76.1,29.04,945.18,normal
2026-09-12 02:31:00.453328,AWS_001,27.5,29.1,75.9,29.03,945.18,normal
2026-09-12 02:31:02.449545,AWS_001,,29.1,75.8,29.02,945.18,data_loss
2026-09-12 02:31:04.549525,AWS_001,,29.1,76.0,29.0,945.18,data_loss
2026-09-12 02:31:06.506712,AWS_001,,29.1,75.9,28.99,945.18,data_loss
2026-09-12 02:31:08.537871,AWS_001,,29.1,76.0,28.97,945.17,data_loss
2026-09-12 02:31:10.566972,AWS_001,,29.2,76.0,28.96,945.18,data_loss
2026-09-12 02:31:12.594134,AWS_001,,29.1,75.8,28.95,945.18,data_loss
2026-09-12 02:31:14.605329,AWS_001,,29.1,75.8,28.95,945.18,data_loss
2026-09-12 02:31:16.634851,AWS_001,,29.1,75.8,28.94,945.18,data_loss
2026-09-12 02:31:18.666711,AWS_001,,29.1,75.9,28.93,945.17,data_loss
2026-09-12 02:31:20.703586,AWS_001,,29.1,75.8,28.93,945.17,data_loss
2026-09-12 02:31:22.719987,AWS_001,,29.2,75.7,28.92,945.17,data_loss
2026-09-12 02:31:24.754875,AWS_001,,29.1,75.8,28.92,945.17,data_loss
2026-09-12 02:31:26.779840,AWS_001,27.44,29.1,75.7,28.91,945.17,normal
2026-09-12 02:31:28.788460,AWS_001,,29.2,75.7,28.92,945.17,data_loss
2026-09-12 02:31:30.817652,AWS_001,,29.2,75.7,28.92,945.17,data_loss
2026-09-12 02:31:32.851892,AWS_001,,29.1,75.7,28.92,945.17,data_loss
2026-09-12 02:31:34.874846,AWS_001,,29.2,75.6,28.93,945.17,data_loss
2026-09-12 02:31:36.945428,AWS_001,,29.2,75.8,28.94,945.17,data_loss
2026-09-12 02:31:38.939794,AWS_001,,29.2,75.5,28.94,945.17,data_loss
2026-09-12 02:31:40.980101,AWS_001,,29.2,75.6,28.93,945.17,data_loss
2026-09-12 02:31:42.979789,AWS_001,,29.2,75.6,28.93,945.17,data_loss
2026-09-12 02:31:45.005475,AWS_001,,29.2,75.6,28.93,945.17,data_loss
2026-09-12 02:31:47.034279,AWS_001,,29.2,75.6,28.92,945.17,data_loss
2026-09-12 02:29:55.534083,AWS_001,27.5,29.0,76.2,28.94,945.19,normal
2026-09-12 02:29:57.550491,AWS_001,27.5,29.0,76.3,28.95,945.19,normal
2026-09-12 02:29:59.577405,AWS_001,27.5,29.0,76.2,28.96,945.19,normal
2026-09-12 02:30:01.605425,AWS_001,27.5,29.0,76.4,28.97,945.19,normal
2026-09-12 02:30:03.644347,AWS_001,27.5,29.0,76.2,28.97,945.19,normal
2026-09-12 02:30:05.666986,AWS_001,27.5,29.0,76.1,28.97,945.19,normal
2026-09-12 02:30:07.692256,AWS_001,27.5,29.0,76.2,28.97,945.18,normal
2026-09-12 02:30:09.725101,AWS_001,27.5,29.0,76.2,28.97,945.18,normal
2026-09-12 02:30:11.758935,AWS_001,27.5,29.0,76.2,28.97,945.18,normal
2026-09-12 02:30:13.786124,AWS_001,27.5,29.0,76.3,28.97,945.18,normal
2026-09-12 02:30:15.806993,AWS_001,27.5,29.0,76.0,28.97,945.18,normal
2026-09-12 02:30:17.841881,AWS_001,27.5,29.0,76.2,28.97,945.19,normal
2026-09-12 02:30:19.868908,AWS_001,27.5,29.0,76.2,28.97,945.19,normal
2026-09-12 02:30:21.907757,AWS_001,27.5,29.0,76.2,28.97,945.19,normal
2026-09-12 02:30:23.929605,AWS_001,27.5,29.0,76.3,28.97,945.19,normal
2026-09-12 02:30:25.952941,AWS_001,27.56,29.0,76.2,28.98,945.19,normal
2026-09-12 02:30:27.982504,AWS_001,27.5,29.0,76.1,28.98,945.19,normal
2026-09-12 02:30:30.009990,AWS_001,27.5,29.0,76.2,28.99,945.18,normal
2026-09-12 02:30:32.057315,AWS_001,,29.0,76.1,29.0,945.18,data_loss
2026-09-12 02:30:34.085949,AWS_001,,29.0,76.3,29.0,945.18,data_loss
2026-09-12 02:30:36.112087,AWS_001,,29.0,76.2,29.0,945.18,data_loss
2026-09-12 02:30:38.143178,AWS_001,,29.0,76.3,29.0,945.18,data_loss
2026-09-12 02:30:40.170032,AWS_001,,29.1,76.3,29.01,945.18,data_loss
2026-09-12 02:30:42.203270,AWS_001,,29.0,76.1,29.01,945.18,data_loss
2026-09-12 02:30:44.225697,AWS_001,27.5,29.0,76.3,29.03,945.18,normal
2026-09-12 02:30:46.255402,AWS_001,,29.1,76.1,29.04,945.18,data_loss
2026-09-12 02:30:48.267314,AWS_001,,29.1,76.2,29.05,945.18,data_loss
2026-09-12 02:30:50.300013,AWS_001,,29.1,76.1,29.05,945.18,data_loss
2026-09-12 02:30:52.322740,AWS_001,,29.0,76.0,29.05,945.18,data_loss
2026-09-12 02:30:54.358020,AWS_001,,29.1,76.0,29.06,945.18,data_loss
2026-09-12 02:30:56.388091,AWS_001,,29.1,76.1,29.05,945.18,data_loss
2026-09-12 02:30:58.655280,AWS_001,27.5,29.1,76.1,29.04,945.18,normal
2026-09-12 02:31:00.453328,AWS_001,27.5,29.1,75.9,29.03,945.18,normal
2026-09-12 02:31:02.449545,AWS_001,,29.1,75.8,29.02,945.18,data_loss
2026-09-12 02:31:04.549525,AWS_001,,29.1,76.0,29.0,945.18,data_loss
2026-09-12 02:31:06.506712,AWS_001,,29.1,75.9,28.99,945.18,data_loss
2026-09-12 02:31:08.537871,AWS_001,,29.1,76.0,28.97,945.17,data_loss
2026-09-12 02:31:10.566972,AWS_001,,29.2,76.0,28.96,945.18,data_loss
2026-09-12 02:31:12.594134,AWS_001,,29.1,75.8,28.95,945.18,data_loss
2026-09-12 02:31:14.605329,AWS_001,,29.1,75.8,28.95,945.18,data_loss
2026-09-12 02:31:16.634851,AWS_001,,29.1,75.8,28.94,945.18,data_loss
2026-09-12 02:31:18.666711,AWS_001,,29.1,75.9,28.93,945.17,data_loss
2026-09-12 02:31:20.703586,AWS_001,,29.1,75.8,28.93,945.17,data_loss
2026-09-12 02:31:22.719987,AWS_001,,29.2,75.7,28.92,945.17,data_loss
2026-09-12 02:31:24.754875,AWS_001,,29.1,75.8,28.92,945.17,data_loss
2026-09-12 02:31:26.779840,AWS_001,27.44,29.1,75.7,28.91,945.17,normal
2026-09-12 02:31:28.788460,AWS_001,,29.2,75.7,28.92,945.17,data_loss
2026-09-12 02:31:30.817652,AWS_001,,29.2,75.7,28.92,945.17,data_loss
2026-09-12 02:31:32.851892,AWS_001,,29.1,75.7,28.92,945.17,data_loss
2026-09-12 02:31:34.874846,AWS_001,,29.2,75.6,28.93,945.17,data_loss
2026-09-12 02:31:36.945428,AWS_001,,29.2,75.8,28.94,945.17,data_loss
2026-09-12 02:31:38.939794,AWS_001,,29.2,75.5,28.94,945.17,data_loss
2026-09-12 02:31:40.980101,AWS_001,,29.2,75.6,28.93,945.17,data_loss
2026-09-12 02:31:42.979789,AWS_001,,29.2,75.6,28.93,945.17,data_loss
2026-09-12 02:31:45.005475,AWS_001,,29.2,75.6,28.93,945.17,data_loss
2026-09-12 02:31:47.034279,AWS_001,,29.2,75.6,28.92,945.17,data_loss
2026-09-12 22:29:55.802848,AWS_001,26.12,26.9,85.8,27.19,946.25,normal
2026-09-12 22:29:57.826614,AWS_001,26.12,26.9,85.8,27.19,946.25,normal
2026-09-12 22:29:59.866526,AWS_001,26.12,26.9,85.7,27.19,946.25,normal
2026-09-12 22:30:01.880204,AWS_001,26.12,26.9,85.9,27.19,946.25,normal
2026-09-12 22:30:03.913870,AWS_001,26.12,27.0,85.7,27.19,946.25,normal
2026-09-12 22:30:05.941219,AWS_001,26.12,26.9,85.7,27.19,946.25,normal
2026-09-12 22:30:07.975886,AWS_001,26.12,26.9,85.6,27.19,946.25,normal
2026-09-12 22:30:09.998699,AWS_001,26.12,26.9,85.6,27.19,946.25,normal
2026-09-12 22:30:12.034629,AWS_001,26.12,26.9,85.6,27.19,946.25,normal
2026-09-12 22:30:14.060924,AWS_001,26.12,26.9,85.7,27.19,946.25,normal
2026-09-12 22:30:16.086104,AWS_001,26.12,26.9,85.8,27.19,946.25,normal
2026-09-12 22:30:18.086466,AWS_001,26.12,26.9,85.7,27.19,946.25,normal
2026-09-12 22:30:20.117702,AWS_001,26.12,26.9,85.8,27.19,946.25,normal
2026-09-12 22:30:22.146434,AWS_001,26.12,26.9,85.7,27.19,946.25,normal
2026-09-12 22:30:24.180160,AWS_001,26.12,26.9,85.8,27.19,946.25,normal
2026-09-12 22:30:26.225753,AWS_001,26.12,26.9,85.7,27.19,946.26,normal
2026-09-12 22:30:28.206224,AWS_001,26.12,26.9,85.8,27.19,946.26,normal
2026-09-12 22:30:30.232541,AWS_001,26.12,27.0,85.7,27.19,946.26,normal
2026-09-12 22:30:32.264234,AWS_001,26.12,26.9,85.7,27.19,946.25,normal
2026-09-12 22:30:34.276756,AWS_001,26.12,26.9,85.8,27.19,946.25,normal
2026-09-12 22:30:36.291091,AWS_001,26.12,26.9,85.7,27.19,946.25,normal
2026-09-12 22:30:38.325676,AWS_001,26.12,26.9,85.6,27.19,946.26,normal
2026-09-12 22:30:40.349276,AWS_001,26.12,26.9,85.8,27.19,946.26,normal
2026-09-12 22:30:42.380324,AWS_001,26.12,27.0,85.7,27.19,946.26,normal
2026-09-12 22:30:44.377309,AWS_001,26.12,26.9,85.7,27.19,946.26,normal
2026-09-12 22:30:46.411069,AWS_001,26.12,26.9,85.7,27.19,946.26,normal
2026-09-12 22:30:48.439331,AWS_001,26.12,26.9,85.8,27.19,946.27,normal
2026-09-12 22:30:50.434393,AWS_001,26.12,26.9,85.7,27.19,946.27,normal
2026-09-12 22:30:52.463281,AWS_001,26.12,26.9,85.7,27.19,946.27,normal
2026-09-12 22:30:54.498962,AWS_001,26.12,26.9,85.7,27.19,946.27,normal
2026-09-12 22:30:56.529844,AWS_001,26.12,26.9,85.7,27.19,946.27,normal
2026-09-12 22:30:58.549081,AWS_001,26.12,26.9,85.7,27.19,946.26,normal
2026-09-12 22:31:00.548932,AWS_001,26.12,26.9,85.9,27.19,946.26,normal
2026-09-12 22:31:02.584646,AWS_001,26.12,26.9,85.7,27.19,946.26,normal
2026-09-12 22:31:04.631530,AWS_001,26.12,27.0,85.8,27.19,946.26,normal
2026-09-12 22:31:06.641464,AWS_001,26.12,26.9,85.8,27.19,946.26,normal
2026-09-12 22:31:08.641264,AWS_001,26.12,26.9,85.7,27.19,946.26,normal
2026-09-12 22:31:10.662653,AWS_001,26.12,26.9,85.8,27.19,946.26,normal
2026-09-12 22:31:12.701034,AWS_001,26.12,26.9,85.6,27.19,946.26,normal
2026-09-12 22:31:14.754363,AWS_001,26.12,26.9,85.5,27.19,946.26,normal
2026-09-12 22:31:16.752866,AWS_001,26.12,26.9,85.7,27.19,946.27,normal
2026-09-12 22:31:18.786728,AWS_001,26.12,26.9,85.9,27.19,946.27,normal
2026-09-12 22:31:20.859400,AWS_001,26.12,26.9,85.7,27.19,946.27,normal
2026-09-12 22:31:22.842957,AWS_001,26.12,26.9,85.8,27.19,946.26,normal
2026-09-12 22:31:24.868490,AWS_001,26.12,26.9,85.7,27.19,946.27,normal
2026-09-12 22:31:26.899394,AWS_001,26.12,26.9,85.7,27.19,946.27,normal
2026-09-12 22:31:28.930832,AWS_001,26.19,26.9,85.7,27.19,946.27,normal
2026-09-12 22:31:30.969680,AWS_001,26.12,27.0,85.7,27.19,946.27,normal
2026-09-12 22:31:32.985389,AWS_001,26.12,26.9,85.8,27.19,946.27,normal
2026-09-12 22:31:37.020981,AWS_001,26.12,27.0,85.7,27.19,946.26,normal
2026-09-12 22:31:39.048676,AWS_001,26.12,26.9,85.8,27.19,946.26,normal
2026-09-12 22:31:41.078938,AWS_001,26.12,26.9,85.8,27.19,946.27,normal
2026-09-12 22:31:43.151538,AWS_001,26.12,26.9,85.7,27.19,946.27,normal
2026-09-12 22:31:45.142026,AWS_001,26.12,26.9,85.7,27.18,946.26,normal
2026-09-12 22:31:47.164851,AWS_001,26.12,26.9,85.6,27.18,946.26,normal
2026-09-12 22:31:49.202511,AWS_001,26.12,26.9,85.8,27.18,946.26,normal
2026-09-12 22:31:51.241683,AWS_001,26.12,26.9,85.8,27.18,946.26,normal
2026-09-12 22:31:53.258682,AWS_001,26.12,26.9,85.7,27.18,946.26,normal
2026-09-12 22:31:55.289907,AWS_001,26.19,26.9,85.7,27.18,946.26,normal
2026-09-12 22:31:57.312265,AWS_001,26.19,26.9,85.7,27.18,946.26,normal
2026-09-12 22:31:59.345685,AWS_001,26.12,26.9,85.7,27.18,946.26,normal
2026-09-12 22:32:01.375413,AWS_001,26.12,26.9,85.7,27.18,946.26,normal
2026-09-12 22:32:03.374847,AWS_001,26.19,26.9,85.7,27.18,946.26,normal
2026-09-12 22:32:05.403741,AWS_001,26.12,26.9,85.7,27.18,946.26,normal
2026-09-12 22:32:07.435714,AWS_001,26.19,26.9,85.7,27.18,946.26,normal
2026-09-12 22:32:09.462091,AWS_001,26.19,26.9,85.8,27.18,946.26,normal
2026-09-12 22:32:11.497087,AWS_001,26.12,26.9,85.7,27.18,946.26,normal
2026-09-12 22:32:13.542863,AWS_001,26.12,26.9,85.8,27.18,946.26,normal
2026-09-12 22:32:15.550461,AWS_001,26.19,26.9,85.8,27.18,946.26,normal
2026-09-12 22:32:17.572754,AWS_001,26.19,26.9,85.7,27.19,946.27,normal
2026-09-12 22:32:19.608035,AWS_001,26.12,26.9,85.8,27.19,946.26,normal
2026-09-12 22:32:21.638638,AWS_001,26.12,26.9,85.7,27.19,946.26,normal
2026-09-12 22:32:23.664379,AWS_001,26.12,26.9,85.7,27.18,946.26,normal
2026-09-12 22:32:25.692268,AWS_001,26.19,26.9,85.6,27.18,946.26,normal
2026-09-12 22:32:27.755259,AWS_001,26.12,26.9,85.8,27.18,946.26,normal
2026-09-12 22:32:29.752073,AWS_001,26.12,27.0,85.6,27.18,946.26,normal
2026-09-12 22:32:31.819210,AWS_001,26.12,26.9,85.8,27.18,946.26,normal
2026-09-12 22:32:33.813826,AWS_001,26.19,26.9,85.7,27.18,946.26,normal
2026-09-12 22:32:35.831885,AWS_001,26.12,26.9,85.7,27.19,946.27,normal
2026-09-12 22:32:37.861427,AWS_001,26.19,26.9,85.8,27.19,946.27,normal
2026-09-12 22:32:39.898979,AWS_001,26.19,26.9,85.6,27.19,946.27,normal
2026-09-12 22:32:41.923471,AWS_001,26.12,26.9,85.6,27.19,946.27,normal
2026-09-12 22:32:43.956223,AWS_001,26.12,26.9,85.8,27.19,946.27,normal
2026-09-12 22:32:45.971225,AWS_001,26.12,26.9,85.7,27.19,946.27,normal
2026-09-12 22:32:48.010666,AWS_001,26.12,26.9,85.6,27.19,946.27,normal
2026-09-12 22:32:50.043902,AWS_001,26.19,26.9,85.7,27.19,946.27,normal
2026-09-12 22:32:52.065751,AWS_001,26.19,26.9,85.8,27.19,946.26,normal
2026-09-12 22:32:54.106936,AWS_001,26.19,26.9,85.6,27.19,946.26,normal
2026-09-12 22:32:56.144269,AWS_001,26.12,26.9,85.7,27.19,946.26,normal
2026-09-12 22:32:58.161272,AWS_001,26.19,26.9,85.7,27.19,946.26,normal
2026-09-12 22:33:00.185705,AWS_001,26.19,26.9,85.8,27.19,946.26,normal
2026-09-12 22:33:02.227646,AWS_001,26.19,26.9,85.6,27.19,946.27,normal
2026-09-12 22:33:04.259685,AWS_001,26.19,26.9,85.8,27.19,946.27,normal
2026-09-12 22:33:06.319099,AWS_001,26.12,26.9,85.7,27.19,946.27,normal
2026-09-12 22:33:08.310511,AWS_001,26.12,26.9,85.8,27.19,946.27,normal
2026-09-12 22:33:10.358646,AWS_001,26.12,26.9,85.8,27.19,946.28,normal
2026-09-12 22:33:12.360952,AWS_001,26.12,26.9,85.6,27.19,946.27,normal
2026-09-12 22:33:14.427352,AWS_001,26.19,26.9,85.8,27.19,946.27,normal
2026-09-12 22:33:16.467493,AWS_001,26.19,26.9,85.7,27.19,946.27,normal
2026-09-12 22:33:18.454830,AWS_001,26.12,26.9,85.6,27.19,946.28,normal
2026-09-12 22:33:20.490519,AWS_001,26.12,26.9,85.7,27.19,946.28,normal
2026-09-12 22:33:22.503977,AWS_001,26.19,26.9,85.8,27.19,946.29,normal
2026-09-12 22:33:24.536726,AWS_001,26.19,26.9,85.7,27.19,946.29,normal
2026-09-12 22:33:26.570418,AWS_001,26.19,26.9,85.7,27.19,946.29,normal
2026-09-12 22:33:28.600140,AWS_001,26.12,26.9,85.7,27.18,946.29,normal
2026-09-12 22:33:30.619031,AWS_001,26.12,26.9,85.7,27.18,946.29,normal
2026-09-12 22:33:32.650412,AWS_001,26.12,26.9,85.6,27.18,946.28,normal
2026-09-12 22:33:34.713140,AWS_001,26.19,26.9,85.7,27.18,946.28,normal
2026-09-12 22:33:37.162962,AWS_001,26.12,26.9,85.7,27.18,946.28,normal
2026-09-12 22:33:38.743028,AWS_001,26.12,26.9,85.8,27.18,946.28,normal
2026-09-12 22:33:40.763304,AWS_001,26.12,26.9,85.7,27.18,946.28,normal
2026-09-12 22:33:42.795212,AWS_001,26.12,26.9,85.8,27.18,946.28,normal
2026-09-12 22:33:44.818736,AWS_001,26.12,26.9,85.7,27.18,946.27,normal
2026-09-12 22:33:46.867953,AWS_001,26.12,26.9,85.7,27.18,946.27,normal
2026-09-12 22:33:48.881679,AWS_001,26.12,26.9,85.6,27.18,946.27,normal
2026-09-12 22:33:50.906906,AWS_001,26.19,26.9,85.7,27.18,946.27,normal
2026-09-12 22:33:52.950071,AWS_001,26.12,26.9,85.8,27.18,946.28,normal
2026-09-12 22:33:54.977252,AWS_001,26.12,26.9,85.6,27.18,946.28,normal
2026-09-12 22:33:57.152133,AWS_001,26.19,26.9,85.7,27.18,946.28,normal
2026-09-12 22:33:59.039029,AWS_001,26.12,26.9,85.9,27.18,946.28,normal
2026-09-12 22:34:01.101545,AWS_001,26.12,26.9,85.7,27.18,946.28,normal
2026-09-12 22:34:03.115439,AWS_001,26.12,26.9,85.8,27.18,946.28,normal
2026-09-12 22:34:05.102598,AWS_001,26.19,26.9,85.7,27.18,946.28,normal
2026-09-12 22:34:07.114523,AWS_001,26.12,26.9,85.7,27.18,946.28,normal
2026-09-12 22:34:09.159373,AWS_001,26.19,26.9,85.7,27.18,946.29,normal
2026-09-12 22:34:11.167762,AWS_001,26.12,26.9,85.7,27.18,946.29,normal
2026-09-12 22:34:13.281695,AWS_001,26.19,26.9,85.7,27.18,946.29,normal
2026-09-12 22:34:15.217869,AWS_001,26.12,26.9,85.7,27.18,946.29,normal
2026-09-12 22:34:17.325164,AWS_001,26.12,26.9,85.6,27.18,946.29,normal
2026-09-12 22:34:19.257486,AWS_001,26.19,26.9,85.6,27.18,946.29,normal
2026-09-12 22:34:21.269653,AWS_001,26.19,26.9,85.8,27.18,946.29,normal
2026-09-12 22:34:23.287599,AWS_001,26.12,26.9,85.7,27.18,946.29,normal
2026-09-12 22:34:25.312847,AWS_001,26.12,26.9,85.7,27.18,946.3,normal
2026-09-12 22:34:27.343264,AWS_001,26.12,26.9,85.8,27.18,946.29,normal
2026-09-12 22:34:29.374116,AWS_001,26.12,26.9,85.5,27.18,946.3,normal
2026-09-12 22:34:31.403847,AWS_001,26.19,26.9,85.7,27.18,946.29,normal
2026-09-12 22:34:33.404779,AWS_001,26.12,26.9,85.6,27.18,946.3,normal
2026-09-12 22:34:35.441175,AWS_001,26.19,26.9,85.7,27.18,946.3,normal
2026-09-12 22:34:37.461995,AWS_001,26.12,26.9,85.7,27.18,946.3,normal
2026-09-12 22:34:39.564368,AWS_001,26.12,26.9,85.6,27.18,946.3,normal
2026-09-12 22:34:41.501957,AWS_001,26.12,26.9,85.6,27.18,946.3,normal
2026-09-12 22:34:43.518920,AWS_001,26.12,26.9,85.7,27.18,946.3,normal
2026-09-12 22:34:45.578657,AWS_001,26.19,26.9,85.7,27.18,946.3,normal
2026-09-12 22:34:47.573542,AWS_001,26.19,26.9,85.5,27.18,946.3,normal
2026-09-12 22:34:49.604659,AWS_001,26.12,26.9,85.7,27.18,946.31,normal
2026-09-12 22:34:51.631969,AWS_001,26.12,26.9,85.9,27.18,946.3,normal
2026-09-12 22:34:53.654094,AWS_001,26.19,27.0,85.7,27.18,946.31,normal
2026-09-12 22:34:55.693045,AWS_001,26.12,26.9,85.6,27.18,946.31,normal
2026-09-12 22:34:57.725930,AWS_001,26.19,26.9,85.8,27.18,946.3,normal
2026-09-12 22:34:59.781547,AWS_001,26.12,26.9,85.7,27.18,946.3,normal
2026-09-12 22:35:01.775240,AWS_001,26.19,26.9,85.7,27.18,946.3,normal
2026-09-12 22:35:03.813776,AWS_001,26.19,26.9,85.8,27.19,946.31,normal
2026-09-12 22:35:05.833272,AWS_001,26.12,27.0,85.5,27.19,946.31,normal
2026-09-12 22:35:07.872523,AWS_001,26.19,26.9,85.7,27.19,946.31,normal
2026-09-12 22:35:09.897781,AWS_001,26.12,26.9,85.7,27.19,946.3,normal
2026-09-12 22:35:11.941791,AWS_001,26.19,26.9,85.7,27.19,946.3,normal
2026-09-12 22:35:13.972635,AWS_001,26.12,26.9,85.7,27.19,946.3,normal
2026-09-12 22:35:16.028269,AWS_001,26.12,26.9,85.7,27.19,946.3,normal
2026-09-12 22:35:18.012055,AWS_001,26.19,26.9,85.8,27.19,946.3,normal
2026-09-12 22:35:20.051098,AWS_001,26.19,26.9,85.6,27.19,946.3,normal
2026-09-12 22:35:22.070331,AWS_001,26.19,27.0,85.7,27.19,946.3,normal
2026-09-12 22:35:24.102106,AWS_001,26.19,26.9,85.6,27.19,946.3,normal
2026-09-12 22:35:26.128500,AWS_001,26.12,26.9,85.8,27.19,946.3,normal
2026-09-12 22:35:28.181264,AWS_001,26.12,26.9,85.6,27.18,946.3,normal
2026-09-12 22:35:30.185975,AWS_001,26.12,26.9,85.7,27.18,946.3,normal
2026-09-12 22:35:32.225213,AWS_001,26.12,26.9,85.8,27.18,946.3,normal
2026-09-12 22:35:34.240242,AWS_001,26.19,26.9,85.6,27.18,946.3,normal
2026-09-12 22:35:36.297807,AWS_001,26.19,26.9,85.6,27.19,946.3,normal
2026-09-12 22:35:38.298201,AWS_001,26.12,26.9,85.7,27.19,946.3,normal
2026-09-12 22:35:40.437633,AWS_001,26.19,26.9,85.7,27.19,946.3,normal
2026-09-12 22:35:42.360635,AWS_001,26.12,26.9,85.8,27.19,946.3,normal
2026-09-12 22:35:44.425715,AWS_001,26.12,26.9,85.7,27.19,946.31,normal
2026-09-12 22:35:46.421035,AWS_001,26.12,26.9,85.6,27.19,946.31,normal
2026-09-12 22:35:48.451971,AWS_001,26.19,26.9,85.7,27.19,946.31,normal
2026-09-12 22:35:50.481386,AWS_001,26.19,26.9,85.6,27.19,946.31,normal
2026-09-12 22:35:52.904375,AWS_001,26.19,26.9,85.7,27.19,946.31,normal
2026-09-12 22:35:54.535209,AWS_001,26.12,26.9,85.7,27.19,946.31,normal
2026-09-12 22:35:56.580433,AWS_001,26.19,26.9,85.6,27.19,946.31,normal
2026-09-12 22:35:58.595060,AWS_001,26.19,26.9,85.7,27.19,946.31,normal
2026-09-12 22:36:00.631609,AWS_001,26.12,26.9,85.7,27.19,946.31,normal
2026-09-12 22:36:02.676306,AWS_001,26.19,26.9,85.7,27.19,946.31,normal
2026-09-12 22:36:04.683830,AWS_001,26.19,26.9,85.7,27.19,946.31,normal
2026-09-12 22:36:06.705870,AWS_001,26.19,26.9,85.7,27.19,946.31,normal
2026-09-12 22:36:08.772239,AWS_001,26.12,26.9,85.7,27.19,946.31,normal
2026-09-12 22:36:10.778245,AWS_001,26.19,26.9,85.7,27.19,946.31,normal
2026-09-12 22:36:12.835743,AWS_001,26.19,26.9,85.6,27.19,946.31,normal
2026-09-12 22:36:14.824210,AWS_001,26.19,26.9,85.6,27.19,946.3,normal
2026-09-12 22:36:16.851881,AWS_001,26.12,26.9,85.6,27.19,946.31,normal
2026-09-12 22:36:18.881435,AWS_001,26.19,26.9,85.5,27.19,946.31,normal
2026-09-12 22:36:20.909782,AWS_001,26.19,26.9,85.7,27.19,946.31,normal
2026-09-12 22:36:22.946076,AWS_001,26.19,27.0,85.6,27.18,946.3,normal
2026-09-12 22:36:24.941371,AWS_001,26.12,26.9,85.7,27.18,946.3,normal
2026-09-12 22:36:26.965578,AWS_001,26.12,27.0,85.6,27.18,946.3,normal
2026-09-12 22:36:28.992423,AWS_001,26.19,27.0,85.8,27.18,946.3,normal
2026-09-12 22:36:31.003216,AWS_001,26.19,26.9,85.7,27.18,946.3,normal
2026-09-12 22:36:33.018977,AWS_001,26.19,26.9,85.7,27.18,946.3,normal
2026-09-12 22:36:35.058246,AWS_001,26.19,26.9,85.6,27.18,946.3,normal
2026-09-12 22:36:37.078692,AWS_001,26.19,26.9,85.6,27.18,946.3,normal
2026-09-12 22:36:39.116988,AWS_001,26.19,26.9,85.5,27.18,946.3,normal
2026-09-12 22:36:41.107593,AWS_001,26.19,26.9,85.6,27.18,946.3,normal
2026-09-12 22:36:43.146012,AWS_001,26.12,26.9,85.6,27.18,946.3,normal
2026-09-12 22:36:45.193617,AWS_001,26.19,26.9,85.5,27.18,946.3,normal
2026-09-12 22:36:47.159773,AWS_001,26.19,26.9,85.5,27.18,946.29,normal
2026-09-12 22:36:49.199070,AWS_001,26.19,26.9,85.7,27.18,946.29,normal
2026-09-12 22:36:51.238722,AWS_001,26.12,27.0,85.6,27.18,946.29,normal
2026-09-12 22:36:53.251143,AWS_001,26.19,26.9,85.7,27.18,946.29,normal
2026-09-12 22:36:55.280195,AWS_001,26.12,26.9,85.7,27.18,946.29,normal
2026-09-12 22:36:57.280750,AWS_001,26.12,26.9,85.5,27.18,946.29,normal
2026-09-12 22:36:59.313613,AWS_001,26.19,26.9,85.6,27.18,946.3,normal
2026-09-12 22:37:01.341089,AWS_001,26.19,26.9,85.7,27.18,946.3,normal
2026-09-12 22:37:03.337904,AWS_001,26.19,26.9,85.6,27.18,946.29,normal
2026-09-12 22:37:05.459801,AWS_001,26.19,26.9,85.6,27.18,946.29,normal
2026-09-12 22:37:07.395347,AWS_001,26.19,27.0,85.6,27.18,946.29,normal
2026-09-12 22:37:09.430982,AWS_001,26.19,27.0,85.7,27.18,946.29,normal
2026-09-12 22:37:11.457456,AWS_001,26.19,26.9,85.6,27.18,946.29,normal
2026-09-12 22:37:13.480494,AWS_001,26.12,27.0,85.6,27.18,946.29,normal
2026-09-12 22:37:15.515218,AWS_001,26.12,26.9,85.6,27.18,946.3,normal
2026-09-12 22:37:17.553988,AWS_001,26.19,26.9,85.5,27.18,946.3,normal
2026-09-12 22:37:19.572578,AWS_001,26.19,26.9,85.7,27.18,946.3,normal
2026-09-12 22:37:21.641417,AWS_001,26.19,27.0,85.6,27.18,946.3,normal
2026-09-12 22:37:23.644882,AWS_001,26.12,26.9,85.8,27.18,946.3,normal
2026-09-12 22:37:25.661565,AWS_001,26.12,26.9,85.7,27.18,946.3,normal
2026-09-12 22:37:27.689366,AWS_001,26.12,26.9,85.8,27.18,946.3,normal
2026-09-12 22:37:29.713328,AWS_001,26.19,27.0,85.6,27.18,946.3,normal
2026-09-12 22:37:31.743822,AWS_001,26.12,26.9,85.7,27.18,946.3,normal
2026-09-12 22:37:33.773038,AWS_001,26.12,26.9,85.6,27.18,946.3,normal
2026-09-12 22:37:35.804699,AWS_001,26.19,26.9,85.6,27.18,946.3,normal
2026-09-12 22:37:37.834295,AWS_001,26.19,26.9,85.7,27.19,946.3,normal
2026-09-12 22:37:39.859707,AWS_001,26.19,26.9,85.8,27.19,946.3,normal
2026-09-12 22:37:41.889093,AWS_001,26.19,26.9,85.8,27.19,946.3,normal
2026-09-12 22:37:43.924277,AWS_001,26.19,26.9,85.5,27.19,946.31,normal
